lat,long,elev,time
408632687,-778351233,3359,0.01
408632687,-778351233,3359,0.02
408632687,-778351233,3359,0.03
408632687,-778351233,3359,0.04
408632687,-778351233,3359,0.05
408632687,-778351233,3359,0.06
408632687,-778351233,3359,0.07
408632687,-778351233,3359,0.08
408632687,-778351233,3359,0.09
408632687,-778351233,3359,0.1
408632687,-778351233,3359,0.11
408632687,-778351233,3359,0.12
408632687,-778351233,3359,0.13
408632687,-778351233,3359,0.14
408632687,-778351233,3359,0.15
408632687,-778351233,3359,0.16
408632687,-778351233,3359,0.17
408632687,-778351233,3359,0.18
408632687,-778351233,3359,0.19
408632687,-778351233,3359,0.2
408632687,-778351233,3359,0.21
408632687,-778351233,3359,0.22
408632687,-778351233,3359,0.23
408632687,-778351233,3359,0.24
408632687,-778351233,3359,0.25
408632687,-778351233,3359,0.26
408632687,-778351233,3359,0.27
408632687,-778351233,3359,0.28
408632687,-778351233,3359,0.29
408632687,-778351233,3359,0.3
408632687,-778351233,3359,0.31
408632687,-778351233,3359,0.32
408632687,-778351233,3359,0.33
408632687,-778351233,3359,0.34
408632687,-778351233,3359,0.35
408632687,-778351233,3359,0.36
408632687,-778351233,3359,0.37
408632687,-778351233,3359,0.38
408632687,-778351233,3359,0.39
408632687,-778351233,3359,0.4
408632687,-778351233,3359,0.41
408632687,-778351233,3359,0.42
408632687,-778351233,3359,0.43
408632687,-778351233,3359,0.44
408632687,-778351233,3359,0.45
408632687,-778351233,3359,0.46
408632687,-778351233,3359,0.47
408632687,-778351233,3359,0.48
408632687,-778351233,3359,0.49
408632687,-778351233,3359,0.5
408632687,-778351233,3359,0.51
408632687,-778351233,3359,0.52
408632687,-778351233,3359,0.53
408632687,-778351233,3359,0.54
408632687,-778351233,3359,0.55
408632687,-778351233,3359,0.56
408632687,-778351233,3359,0.57
408632687,-778351233,3359,0.58
408632641,-778351222,3359,0.59
408632630,-778351218,3359,0.6
408632620,-778351214,3359,0.61
408632606,-778351211,3359,0.62
408632590,-778351207,3359,0.63
408632575,-778351204,3359,0.64
408632558,-778351203,3359,0.65
408632543,-778351196,3359,0.66
408632524,-778351188,3359,0.67
408632503,-778351182,3359,0.68
408632504,-778351165,3359,0.69
408632481,-778351159,3358,0.7
408632460,-778351150,3358,0.71
408632438,-778351144,3358,0.72
408632412,-778351136,3358,0.73
408632390,-778351130,3358,0.74
408632367,-778351123,3358,0.75
408632344,-778351115,3358,0.76
408632316,-778351106,3357,0.77
408632293,-778351101,3357,0.78
408632276,-778351093,3358,0.79
408632249,-778351082,3358,0.8
408632221,-778351073,3357,0.81
408632194,-778351067,3357,0.82
408632167,-778351059,3357,0.83
408632138,-778351050,3357,0.84
408632108,-778351039,3357,0.85
408632081,-778351028,3357,0.86
408632051,-778351018,3356,0.87
408632051,-778351018,3356,0.88
408631998,-778350989,3357,0.89
408631998,-778350989,3357,0.9
408631965,-778350976,3357,0.91
408631932,-778350966,3356,0.92
408631898,-778350953,3356,0.93
408631865,-778350940,3356,0.94
408631832,-778350929,3356,0.95
408631795,-778350919,3356,0.96
408631757,-778350905,3356,0.97
408631684,-778350877,3355,0.98
408631684,-778350877,3355,0.99
408631653,-778350855,3356,1
408631578,-778350826,3355,1.01
408631539,-778350811,3355,1.02
408631499,-778350794,3354,1.03
408631460,-778350775,3354,1.04
408631420,-778350757,3353,1.05
408631420,-778350757,3353,1.06
408631381,-778350743,3353,1.07
408631341,-778350724,3353,1.08
408631302,-778350707,3352,1.09
408631275,-778350685,3353,1.1
408631193,-778350647,3352,1.11
408631154,-778350630,3352,1.12
408631115,-778350608,3352,1.13
408631115,-778350608,3352,1.14
408631036,-778350569,3351,1.15
408630994,-778350548,3350,1.16
408630952,-778350530,3350,1.17
408630912,-778350513,3350,1.18
408630878,-778350495,3350,1.19
408630833,-778350478,3350,1.2
408630833,-778350478,3350,1.21
408630797,-778350453,3350,1.22
408630712,-778350418,3350,1.23
408630712,-778350418,3350,1.24
408630670,-778350402,3350,1.25
408630626,-778350385,3349,1.26
408630583,-778350366,3349,1.27
408630540,-778350344,3349,1.28
408630494,-778350327,3349,1.29
408630454,-778350313,3350,1.3
408630408,-778350295,3350,1.31
408630364,-778350277,3350,1.32
408630317,-778350258,3349,1.33
408630270,-778350238,3349,1.34
408630218,-778350221,3349,1.35
408630168,-778350203,3349,1.36
408630116,-778350184,3349,1.37
408630064,-778350165,3349,1.38
408630009,-778350149,3349,1.39
408629968,-778350128,3349,1.4
408629911,-778350106,3349,1.41
408629853,-778350087,3349,1.42
408629798,-778350069,3349,1.43
408629739,-778350049,3349,1.44
408629678,-778350031,3348,1.45
408629619,-778350012,3348,1.46
408629559,-778349994,3348,1.47
408629500,-778349972,3349,1.48
408629437,-778349954,3348,1.49
408629386,-778349932,3349,1.5
408629321,-778349912,3349,1.51
408629258,-778349894,3348,1.52
408629193,-778349874,3348,1.53
408629128,-778349852,3348,1.54
408629065,-778349831,3348,1.55
408629001,-778349809,3348,1.56
408628936,-778349784,3348,1.57
408628871,-778349762,3348,1.58
408628806,-778349742,3348,1.59
408628741,-778349717,3348,1.6
408628672,-778349695,3348,1.61
408628605,-778349673,3348,1.62
408628539,-778349648,3348,1.63
408628473,-778349623,3348,1.64
408628405,-778349600,3348,1.65
408628339,-778349577,3348,1.66
408628270,-778349553,3348,1.67
408628204,-778349530,3348,1.68
408628139,-778349506,3348,1.69
408628077,-778349479,3348,1.7
408628011,-778349452,3348,1.71
408627942,-778349429,3348,1.72
408627875,-778349405,3348,1.73
408627811,-778349379,3348,1.74
408627743,-778349351,3348,1.75
408627678,-778349323,3348,1.76
408627609,-778349297,3348,1.77
408627545,-778349273,3348,1.78
408627479,-778349248,3348,1.79
408627417,-778349224,3347,1.8
408627354,-778349195,3347,1.81
408627285,-778349167,3347,1.82
408627219,-778349140,3347,1.83
408627153,-778349111,3347,1.84
408627087,-778349081,3347,1.85
408627022,-778349051,3347,1.86
408626956,-778349022,3347,1.87
408626891,-778348992,3347,1.88
408626824,-778348963,3346,1.89
408626761,-778348935,3347,1.9
408626698,-778348903,3346,1.91
408626633,-778348871,3346,1.92
408626569,-778348841,3346,1.93
408626503,-778348812,3346,1.94
408626439,-778348779,3346,1.95
408626375,-778348750,3346,1.96
408626312,-778348718,3346,1.97
408626250,-778348684,3346,1.98
408626185,-778348655,3346,1.99
408626120,-778348626,3346,2
408626057,-778348593,3346,2.01
408625994,-778348562,3345,2.02
408625932,-778348530,3346,2.03
408625869,-778348497,3345,2.04
408625806,-778348467,3345,2.05
408625742,-778348436,3345,2.06
408625679,-778348403,3345,2.07
408625618,-778348375,3346,2.08
408625556,-778348342,3345,2.09
408625499,-778348316,3345,2.1
408625439,-778348283,3344,2.11
408625378,-778348250,3344,2.12
408625317,-778348218,3344,2.13
408625257,-778348189,3344,2.14
408625200,-778348156,3344,2.15
408625141,-778348128,3344,2.16
408625082,-778348095,3344,2.17
408625023,-778348058,3344,2.18
408624967,-778348027,3344,2.19
408624911,-778347999,3343,2.2
408624851,-778347964,3344,2.21
408624793,-778347933,3344,2.22
408624737,-778347905,3344,2.23
408624683,-778347870,3343,2.24
408624628,-778347837,3343,2.25
408624572,-778347805,3344,2.26
408624517,-778347769,3343,2.27
408624460,-778347739,3343,2.28
408624403,-778347708,3343,2.29
408624349,-778347676,3343,2.3
408624294,-778347642,3343,2.31
408624241,-778347605,3343,2.32
408624188,-778347570,3343,2.33
408624137,-778347538,3343,2.34
408624084,-778347507,3343,2.35
408624032,-778347472,3343,2.36
408623980,-778347439,3342,2.37
408623931,-778347406,3342,2.38
408623882,-778347371,3343,2.39
408623834,-778347339,3343,2.4
408623784,-778347305,3343,2.41
408623736,-778347270,3342,2.42
408623693,-778347236,3342,2.43
408623648,-778347204,3342,2.44
408623606,-778347170,3342,2.45
408623567,-778347137,3342,2.46
408623524,-778347104,3342,2.47
408623485,-778347073,3342,2.48
408623445,-778347040,3342,2.49
408623406,-778347007,3342,2.5
408623372,-778346974,3342,2.51
408623336,-778346939,3342,2.52
408623302,-778346905,3342,2.53
408623268,-778346871,3342,2.54
408623238,-778346838,3342,2.55
408623206,-778346804,3342,2.56
408623177,-778346768,3341,2.57
408623150,-778346733,3342,2.58
408623125,-778346698,3342,2.59
408623093,-778346664,3342,2.6
408623071,-778346629,3342,2.61
408623046,-778346594,3342,2.62
408623025,-778346553,3342,2.63
408623009,-778346515,3342,2.64
408622994,-778346477,3342,2.65
408622971,-778346446,3342,2.66
408622952,-778346414,3342,2.67
408622936,-778346375,3342,2.68
408622922,-778346337,3342,2.69
408622907,-778346300,3342,2.7
408622902,-778346262,3342,2.71
408622891,-778346222,3342,2.72
408622883,-778346184,3342,2.73
408622875,-778346147,3342,2.74
408622869,-778346110,3342,2.75
408622865,-778346069,3342,2.76
408622864,-778346030,3342,2.77
408622863,-778345990,3342,2.78
408622860,-778345949,3342,2.79
408622854,-778345910,3343,2.8
408622854,-778345910,3343,2.81
408622856,-778345814,3343,2.82
408622856,-778345814,3343,2.83
408622860,-778345768,3343,2.84
408622866,-778345718,3343,2.85
408622870,-778345669,3343,2.86
408622881,-778345617,3343,2.87
408622891,-778345565,3344,2.88
408622908,-778345512,3344,2.89
408622921,-778345458,3343,2.9
408622922,-778345416,3344,2.91
408622943,-778345353,3344,2.92
408622959,-778345293,3344,2.93
408622980,-778345231,3344,2.94
408623000,-778345170,3344,2.95
408623023,-778345108,3344,2.96
408623049,-778345045,3344,2.97
408623076,-778344981,3344,2.98
408623103,-778344914,3344,2.99
408623131,-778344843,3344,3
408623154,-778344783,3343,3.01
408623191,-778344713,3344,3.02
408623227,-778344638,3344,3.03
408623265,-778344567,3344,3.04
408623302,-778344490,3344,3.05
408623344,-778344410,3344,3.06
408623383,-778344328,3344,3.07
408623429,-778344251,3344,3.08
408623478,-778344171,3343,3.09
408623522,-778344089,3343,3.1
408623558,-778344018,3344,3.11
408623609,-778343929,3344,3.12
408623656,-778343841,3344,3.13
408623710,-778343751,3344,3.14
408623763,-778343662,3344,3.15
408623818,-778343567,3344,3.16
408623871,-778343474,3344,3.17
408623927,-778343378,3344,3.18
408623983,-778343280,3344,3.19
408624039,-778343182,3344,3.2
408624089,-778343097,3344,3.21
408624149,-778342995,3344,3.22
408624209,-778342890,3344,3.23
408624272,-778342782,3344,3.24
408624332,-778342680,3344,3.25
408624395,-778342570,3344,3.26
408624457,-778342462,3344,3.27
408624518,-778342355,3344,3.28
408624583,-778342244,3345,3.29
408624644,-778342134,3345,3.3
408624697,-778342033,3346,3.31
408624762,-778341912,3345,3.32
408624830,-778341793,3345,3.33
408624896,-778341679,3346,3.34
408624959,-778341562,3346,3.35
408625026,-778341443,3346,3.36
408625093,-778341326,3346,3.37
408625162,-778341205,3346,3.38
408625229,-778341082,3346,3.39
408625298,-778340962,3346,3.4
408625368,-778340852,3345,3.41
408625438,-778340720,3345,3.42
408625510,-778340597,3345,3.43
408625577,-778340476,3345,3.44
408625649,-778340349,3346,3.45
408625721,-778340223,3346,3.46
408625792,-778340096,3346,3.47
408625865,-778339966,3346,3.48
408625936,-778339841,3346,3.49
408626008,-778339712,3346,3.5
408626079,-778339595,3346,3.51
408626156,-778339464,3346,3.52
408626230,-778339334,3346,3.53
408626307,-778339207,3346,3.54
408626378,-778339078,3346,3.55
408626454,-778338948,3346,3.56
408626531,-778338813,3346,3.57
408626605,-778338686,3346,3.58
408626688,-778338553,3346,3.59
408626762,-778338423,3346,3.6
408626838,-778338307,3345,3.61
408626917,-778338173,3345,3.62
408626991,-778338040,3345,3.63
408627069,-778337909,3345,3.64
408627147,-778337779,3346,3.65
408627224,-778337644,3345,3.66
408627304,-778337511,3346,3.67
408627382,-778337381,3345,3.68
408627462,-778337246,3345,3.69
408627539,-778337109,3346,3.7
408627616,-778336974,3345,3.71
408627696,-778336840,3345,3.72
408627776,-778336705,3345,3.73
408627858,-778336574,3346,3.74
408627937,-778336435,3346,3.75
408628017,-778336299,3346,3.76
408628095,-778336161,3346,3.77
408628173,-778336027,3346,3.78
408628255,-778335888,3346,3.79
408628335,-778335753,3345,3.8
408628406,-778335617,3345,3.81
408628488,-778335475,3345,3.82
408628570,-778335332,3345,3.83
408628649,-778335193,3345,3.84
408628729,-778335058,3345,3.85
408628811,-778334915,3345,3.86
408628895,-778334775,3345,3.87
408628976,-778334634,3346,3.88
408629056,-778334490,3345,3.89
408629137,-778334350,3345,3.9
408629215,-778334214,3344,3.91
408629298,-778334073,3344,3.92
408629381,-778333930,3345,3.93
408629463,-778333787,3345,3.94
408629544,-778333643,3345,3.95
408629622,-778333499,3344,3.96
408629703,-778333354,3344,3.97
408629791,-778333210,3344,3.98
408629871,-778333069,3345,3.99
408629956,-778332922,3345,4
408630044,-778332795,3344,4.01
408630124,-778332654,3344,4.02
408630210,-778332510,3344,4.03
408630292,-778332365,3344,4.04
408630373,-778332220,3344,4.05
408630460,-778332074,3344,4.06
408630546,-778331930,3344,4.07
408630633,-778331788,3345,4.08
408630713,-778331649,3345,4.09
408630800,-778331504,3344,4.1
408630883,-778331369,3344,4.11
408630967,-778331221,3344,4.12
408631054,-778331072,3344,4.13
408631140,-778330927,3344,4.14
408631225,-778330787,3344,4.15
408631312,-778330641,3344,4.16
408631398,-778330497,3344,4.17
408631482,-778330354,3344,4.18
408631571,-778330209,3345,4.19
408631654,-778330062,3345,4.2
408631738,-778329917,3345,4.21
408631824,-778329769,3345,4.22
408631910,-778329626,3345,4.23
408632000,-778329478,3345,4.24
408632084,-778329335,3345,4.25
408632173,-778329187,3345,4.26
408632257,-778329045,3346,4.27
408632347,-778328900,3346,4.28
408632433,-778328755,3346,4.29
408632519,-778328605,3345,4.3
408632599,-778328461,3345,4.31
408633637,-778326684,3346,4.32
408634149,-778325786,3346,4.33
408656624,-778328287,3373,4.34
408656542,-778328658,3373,4.35
408656502,-778328845,3373,4.36
408652731,-778346448,3367,4.37
408652653,-778346783,3366,4.38
408650696,-778355836,3359,4.39
408650657,-778356007,3359,4.4
408650617,-778356169,3359,4.41
408650580,-778356331,3359,4.42
408650542,-778356496,3358,4.43
408650506,-778356659,3358,4.44
408650468,-778356823,3358,4.45
408650429,-778356987,3358,4.46
408650393,-778357147,3358,4.47
408650355,-778357309,3357,4.48
408650318,-778357468,3357,4.49
408650281,-778357628,3357,4.5
408650241,-778357784,3357,4.51
408650205,-778357939,3357,4.52
408650170,-778358099,3356,4.53
408650133,-778358254,3357,4.54
408650096,-778358412,3356,4.55
408650059,-778358569,3356,4.56
408650023,-778358725,3356,4.57
408649985,-778358883,3356,4.58
408649949,-778359038,3356,4.59
408649912,-778359193,3355,4.6
408649872,-778359346,3356,4.61
408649836,-778359497,3355,4.62
408649796,-778359653,3355,4.63
408649758,-778359803,3355,4.64
408649718,-778359955,3354,4.65
408649675,-778360109,3354,4.66
408649635,-778360258,3354,4.67
408649592,-778360411,3354,4.68
408649550,-778360560,3354,4.69
408649507,-778360711,3353,4.7
408649464,-778360859,3354,4.71
408649421,-778361004,3353,4.72
408649377,-778361156,3353,4.73
408649333,-778361303,3353,4.74
408649289,-778361454,3353,4.75
408649242,-778361604,3353,4.76
408649198,-778361750,3353,4.77
408649154,-778361900,3352,4.78
408649108,-778362045,3352,4.79
408649060,-778362196,3352,4.8
408649014,-778362343,3353,4.81
408648965,-778362486,3352,4.82
408648916,-778362634,3352,4.83
408648866,-778362779,3352,4.84
408648817,-778362925,3351,4.85
408648765,-778363072,3351,4.86
408648714,-778363215,3351,4.87
408648662,-778363361,3351,4.88
408648611,-778363506,3351,4.89
408648559,-778363647,3351,4.9
408648508,-778363791,3351,4.91
408648452,-778363931,3350,4.92
408648397,-778364073,3350,4.93
408648340,-778364216,3350,4.94
408648284,-778364355,3350,4.95
408648225,-778364497,3350,4.96
408648169,-778364633,3350,4.97
408648108,-778364770,3350,4.98
408648046,-778364911,3349,4.99
408647986,-778365046,3349,5
408647927,-778365186,3350,5.01
408647861,-778365318,3349,5.02
408647798,-778365453,3349,5.03
408647731,-778365590,3349,5.04
408647664,-778365724,3349,5.05
408647596,-778365860,3349,5.06
408647527,-778365994,3349,5.07
408647457,-778366126,3349,5.08
408647386,-778366260,3349,5.09
408647317,-778366390,3348,5.1
408647247,-778366521,3348,5.11
408647171,-778366651,3348,5.12
408647097,-778366779,3348,5.13
408647020,-778366907,3348,5.14
408646944,-778367033,3348,5.15
408646863,-778367161,3348,5.16
408646785,-778367289,3348,5.17
408646704,-778367415,3348,5.18
408646622,-778367542,3348,5.19
408646542,-778367665,3347,5.2
408646464,-778367789,3348,5.21
408646377,-778367909,3348,5.22
408646291,-778368036,3348,5.23
408646205,-778368160,3348,5.24
408646120,-778368279,3348,5.25
408646033,-778368399,3347,5.26
408645946,-778368517,3347,5.27
408645856,-778368640,3347,5.28
408645767,-778368759,3347,5.29
408645678,-778368877,3347,5.3
408645591,-778368997,3347,5.31
408645499,-778369111,3347,5.32
408645406,-778369230,3347,5.33
408645315,-778369346,3347,5.34
408645223,-778369461,3346,5.35
408645129,-778369578,3346,5.36
408645036,-778369691,3346,5.37
408644941,-778369805,3346,5.38
408644848,-778369916,3346,5.39
408644750,-778370026,3346,5.4
408644657,-778370139,3346,5.41
408644559,-778370242,3346,5.42
408644463,-778370350,3345,5.43
408644361,-778370456,3345,5.44
408644265,-778370558,3345,5.45
408644164,-778370663,3345,5.46
408644065,-778370765,3345,5.47
408643968,-778370866,3344,5.48
408643868,-778370968,3344,5.49
408643768,-778371070,3344,5.5
408643670,-778371169,3345,5.51
408643566,-778371264,3344,5.52
408643466,-778371358,3344,5.53
408643362,-778371450,3344,5.54
408643258,-778371542,3343,5.55
408643158,-778371631,3344,5.56
408643049,-778371715,3343,5.57
408642945,-778371801,3343,5.58
408642840,-778371891,3344,5.59
408642733,-778371970,3343,5.6
408642635,-778372052,3343,5.61
408642528,-778372129,3343,5.62
408642420,-778372210,3343,5.63
408642310,-778372287,3343,5.64
408642205,-778372359,3343,5.65
408642097,-778372433,3343,5.66
408641988,-778372505,3343,5.67
408641881,-778372573,3343,5.68
408641772,-778372645,3343,5.69
408641660,-778372713,3343,5.7
408641552,-778372784,3342,5.71
408641441,-778372844,3342,5.72
408641333,-778372907,3342,5.73
408641220,-778372967,3342,5.74
408641109,-778373028,3341,5.75
408640995,-778373087,3341,5.76
408640882,-778373145,3341,5.77
408640768,-778373203,3341,5.78
408640656,-778373257,3340,5.79
408640544,-778373310,3340,5.8
408640430,-778373370,3341,5.81
408640314,-778373417,3340,5.82
408640195,-778373468,3340,5.83
408640083,-778373514,3340,5.84
408639968,-778373557,3339,5.85
408639848,-778373602,3339,5.86
408639735,-778373648,3339,5.87
408639618,-778373685,3339,5.88
408639503,-778373718,3338,5.89
408639144,-778373831,3338,5.9
408639027,-778373862,3338,5.91
408638909,-778373891,3338,5.92
408638788,-778373919,3337,5.93
408638670,-778373948,3337,5.94
408638550,-778373976,3337,5.95
408638430,-778373997,3337,5.96
408638307,-778374021,3337,5.97
408638189,-778374045,3337,5.98
408638070,-778374072,3337,5.99
408637830,-778374104,3336,6
408637586,-778374141,3336,6.01
408637463,-778374156,3335,6.02
408637343,-778374172,3335,6.03
408637224,-778374183,3335,6.04
408637100,-778374200,3335,6.05
408636980,-778374210,3335,6.06
408636861,-778374230,3335,6.07
408636742,-778374236,3334,6.08
408636620,-778374248,3334,6.09
408636495,-778374261,3334,6.1
408636374,-778374270,3334,6.11
408636255,-778374278,3334,6.12
408636135,-778374286,3333,6.13
408636016,-778374292,3333,6.14
408635895,-778374301,3333,6.15
408635774,-778374306,3333,6.16
408635655,-778374319,3333,6.17
408635537,-778374319,3333,6.18
408635418,-778374322,3332,6.19
408635299,-778374323,3333,6.2
408635178,-778374325,3332,6.21
408635058,-778374323,3332,6.22
408634941,-778374320,3332,6.23
408634820,-778374317,3332,6.24
408634701,-778374314,3332,6.25
408634583,-778374307,3332,6.26
408634465,-778374303,3332,6.27
408634347,-778374291,3331,6.28
408634229,-778374282,3331,6.29
408634113,-778374271,3331,6.3
408633993,-778374259,3331,6.31
408633874,-778374244,3331,6.32
408633757,-778374230,3331,6.33
408633639,-778374213,3331,6.34
408633524,-778374195,3331,6.35
408633407,-778374178,3331,6.36
408633291,-778374166,3331,6.37
408633177,-778374138,3330,6.38
408633063,-778374115,3330,6.39
408632950,-778374095,3330,6.4
408632836,-778374071,3330,6.41
408632723,-778374042,3330,6.42
408632612,-778374015,3330,6.43
408632499,-778373987,3330,6.44
408632389,-778373958,3329,6.45
408632277,-778373927,3329,6.46
408632167,-778373900,3329,6.47
408632060,-778373864,3329,6.48
408631950,-778373830,3329,6.49
408631843,-778373795,3329,6.5
408631735,-778373759,3328,6.51
408631628,-778373722,3328,6.52
408631524,-778373684,3328,6.53
408631420,-778373645,3328,6.54
408631317,-778373605,3328,6.55
408631215,-778373566,3328,6.56
408631109,-778373529,3328,6.57
408631010,-778373482,3328,6.58
408630910,-778373442,3328,6.59
408630814,-778373400,3327,6.6
408630717,-778373356,3327,6.61
408630617,-778373309,3327,6.62
408630522,-778373265,3327,6.63
408630428,-778373219,3327,6.64
408630336,-778373173,3327,6.65
408630241,-778373126,3327,6.66
408630144,-778373081,3327,6.67
408630055,-778373032,3327,6.68
408629967,-778372983,3327,6.69
408629879,-778372937,3327,6.7
408629791,-778372887,3326,6.71
408629706,-778372839,3326,6.72
408629621,-778372791,3326,6.73
408629537,-778372744,3326,6.74
408629456,-778372694,3326,6.75
408629375,-778372645,3326,6.76
408629294,-778372596,3326,6.77
408629219,-778372547,3325,6.78
408629144,-778372496,3325,6.79
408629070,-778372446,3325,6.8
408628994,-778372397,3325,6.81
408628923,-778372348,3325,6.82
408628852,-778372297,3325,6.83
408628783,-778372249,3325,6.84
408628714,-778372199,3324,6.85
408628645,-778372147,3325,6.86
408628573,-778372098,3325,6.87
408628514,-778372050,3324,6.88
408628450,-778371997,3324,6.89
408628387,-778371950,3324,6.9
408628322,-778371899,3324,6.91
408628260,-778371846,3324,6.92
408628198,-778371796,3324,6.93
408628138,-778371741,3324,6.94
408628078,-778371692,3324,6.95
408628022,-778371638,3324,6.96
408627964,-778371587,3323,6.97
408627914,-778371535,3323,6.98
408627860,-778371481,3323,6.99
408627809,-778371428,3323,7
408627758,-778371373,3323,7.01
408627708,-778371321,3323,7.02
408627659,-778371267,3323,7.03
408627611,-778371213,3322,7.04
408627565,-778371161,3322,7.05
408627522,-778371105,3322,7.06
408627472,-778371052,3322,7.07
408627433,-778370999,3322,7.08
408627433,-778370999,3322,7.09
408627393,-778370946,3322,7.1
408627357,-778370891,3322,7.11
408627320,-778370836,3322,7.12
408627284,-778370783,3322,7.13
408627214,-778370677,3322,7.14
408627181,-778370619,3321,7.15
408627181,-778370619,3321,7.16
408627149,-778370562,3321,7.17
408627112,-778370507,3321,7.18
408627083,-778370448,3321,7.19
408627052,-778370390,3321,7.2
408627018,-778370337,3320,7.21
408626986,-778370282,3321,7.22
408626957,-778370224,3320,7.23
408626926,-778370166,3320,7.24
408626899,-778370105,3320,7.25
408626872,-778370043,3320,7.26
408626847,-778369982,3320,7.27
408626820,-778369925,3320,7.28
408626798,-778369867,3320,7.29
408626774,-778369803,3320,7.3
408626745,-778369739,3320,7.31
408626720,-778369676,3320,7.32
408626698,-778369618,3320,7.33
408626680,-778369552,3320,7.34
408626661,-778369478,3320,7.35
408626643,-778369410,3321,7.36
408626623,-778369345,3320,7.37
408626602,-778369285,3321,7.38
408626584,-778369219,3321,7.39
408626563,-778369148,3321,7.4
408626546,-778369081,3321,7.41
408626527,-778369012,3321,7.42
408626507,-778368944,3321,7.43
408626491,-778368872,3321,7.44
408626473,-778368799,3321,7.45
408626452,-778368728,3321,7.46
408626433,-778368653,3321,7.47
408626415,-778368586,3321,7.48
408626404,-778368510,3321,7.49
408626354,-778368287,3321,7.5
408626335,-778368208,3321,7.51
408626317,-778368130,3321,7.52
408626306,-778368053,3321,7.53
408626297,-778367978,3321,7.54
408626287,-778367897,3321,7.55
408626269,-778367819,3322,7.56
408626253,-778367735,3321,7.57
408626236,-778367654,3321,7.58
408626225,-778367573,3321,7.59
408626217,-778367490,3322,7.6
408626214,-778367405,3322,7.61
408626204,-778367331,3322,7.62
408626184,-778367256,3321,7.63
408626165,-778367179,3321,7.64
408626150,-778367097,3321,7.65
408626139,-778367019,3322,7.66
408626138,-778366938,3322,7.67
408626137,-778366855,3322,7.68
408626124,-778366779,3322,7.69
408626104,-778366702,3322,7.7
408626094,-778366625,3322,7.71
408626084,-778366548,3322,7.72
408626079,-778366468,3322,7.73
408626072,-778366387,3322,7.74
408626064,-778366305,3322,7.75
408626053,-778366230,3322,7.76
408626046,-778366156,3322,7.77
408626038,-778366077,3323,7.78
408626030,-778366001,3322,7.79
408626020,-778365923,3322,7.8
408626011,-778365848,3322,7.81
408626004,-778365773,3322,7.82
408625997,-778365700,3322,7.83
408625990,-778365626,3322,7.84
408625984,-778365547,3322,7.85
408625978,-778365475,3322,7.86
408625973,-778365406,3323,7.87
408625968,-778365332,3322,7.88
408625964,-778365262,3322,7.89
408625960,-778365194,3322,7.9
408625957,-778365125,3322,7.91
408625956,-778365058,3322,7.92
408625953,-778364995,3322,7.93
408625951,-778364933,3322,7.94
408625947,-778364871,3322,7.95
408625946,-778364809,3322,7.96
408625948,-778364753,3322,7.97
408625953,-778364698,3322,7.98
408625955,-778364645,3322,7.99
408625958,-778364591,3321,8
408625960,-778364534,3322,8.01
408625961,-778364478,3321,8.02
408625961,-778364424,3321,8.03
408625963,-778364371,3321,8.04
408625969,-778364318,3321,8.05
408625974,-778364259,3321,8.06
408625981,-778364209,3321,8.07
408625990,-778364157,3321,8.08
408626000,-778364110,3321,8.09
408626008,-778364065,3321,8.1
408626020,-778364014,3321,8.11
408626029,-778363965,3321,8.12
408626043,-778363918,3321,8.13
408626057,-778363873,3321,8.14
408626071,-778363831,3320,8.15
408626082,-778363786,3320,8.16
408626098,-778363743,3321,8.17
408626112,-778363699,3321,8.18
408626128,-778363659,3321,8.19
408626145,-778363622,3321,8.2
408626166,-778363583,3320,8.21
408626187,-778363543,3320,8.22
408626205,-778363502,3320,8.23
408626223,-778363463,3319,8.24
408626243,-778363424,3320,8.25
408626266,-778363393,3319,8.26
408626293,-778363365,3319,8.27
408626316,-778363331,3319,8.28
408626338,-778363293,3319,8.29
408626359,-778363262,3319,8.3
408626385,-778363227,3319,8.31
408626412,-778363193,3319,8.32
408626439,-778363158,3319,8.33
408626469,-778363127,3319,8.34
408626502,-778363098,3319,8.35
408626529,-778363060,3319,8.36
408626561,-778363025,3319,8.37
408626592,-778362989,3320,8.38
408626628,-778362957,3319,8.39
408626667,-778362924,3320,8.4
408626703,-778362891,3320,8.41
408626743,-778362859,3319,8.42
408626786,-778362824,3319,8.43
408626830,-778362790,3320,8.44
408626870,-778362755,3320,8.45
408626906,-778362720,3320,8.46
408626952,-778362683,3320,8.47
408626997,-778362649,3320,8.48
408627041,-778362613,3320,8.49
408627088,-778362578,3320,8.5
408627137,-778362544,3320,8.51
408627190,-778362510,3320,8.52
408627238,-778362474,3320,8.53
408627287,-778362439,3320,8.54
408627339,-778362400,3320,8.55
408627385,-778362366,3320,8.56
408627439,-778362327,3320,8.57
408627491,-778362292,3320,8.58
408627544,-778362259,3320,8.59
408627601,-778362224,3320,8.6
408627656,-778362191,3320,8.61
408627706,-778362154,3320,8.62
408627758,-778362116,3320,8.63
408627810,-778362082,3320,8.64
408627864,-778362045,3320,8.65
408627906,-778362012,3321,8.66
408627960,-778361982,3321,8.67
408628012,-778361948,3321,8.68
408628063,-778361914,3321,8.69
408628115,-778361880,3321,8.7
408628163,-778361848,3321,8.71
408628214,-778361815,3321,8.72
408628263,-778361784,3321,8.73
408628313,-778361753,3321,8.74
408628364,-778361725,3321,8.75
408628408,-778361694,3321,8.76
408628457,-778361667,3322,8.77
408628507,-778361640,3322,8.78
408628556,-778361616,3321,8.79
408628605,-778361587,3322,8.8
408628656,-778361563,3321,8.81
408628707,-778361542,3322,8.82
408628755,-778361525,3322,8.83
408628804,-778361505,3322,8.84
408628858,-778361480,3322,8.85
408628907,-778361457,3322,8.86
408628962,-778361442,3322,8.87
408629014,-778361427,3322,8.88
408629068,-778361415,3322,8.89
408629126,-778361403,3322,8.9
408629183,-778361389,3322,8.91
408629237,-778361377,3322,8.92
408629294,-778361366,3322,8.93
408629352,-778361358,3322,8.94
408629352,-778361358,3322,8.95
408629465,-778361349,3322,8.96
408629527,-778361347,3322,8.97
408629588,-778361343,3322,8.98
408629649,-778361341,3322,8.99
408629712,-778361341,3322,9
408629772,-778361347,3321,9.01
408629836,-778361359,3321,9.02
408629896,-778361363,3321,9.03
408629896,-778361363,3321,9.04
408629958,-778361368,3321,9.05
408630024,-778361375,3321,9.06
408630142,-778361402,3321,9.07
408630206,-778361422,3321,9.08
408630206,-778361422,3321,9.09
408630270,-778361440,3321,9.1
408630334,-778361455,3321,9.11
408630400,-778361475,3321,9.12
408630464,-778361504,3321,9.13
408630528,-778361532,3322,9.14
408630591,-778361556,3321,9.15
408630655,-778361582,3321,9.16
408630717,-778361604,3321,9.17
408630783,-778361641,3321,9.18
408630847,-778361673,3322,9.19
408630910,-778361705,3322,9.2
408630974,-778361737,3322,9.21
408631042,-778361772,3322,9.22
408631105,-778361805,3322,9.23
408631168,-778361840,3323,9.24
408631233,-778361874,3323,9.25
408631295,-778361913,3323,9.26
408631357,-778361946,3323,9.27
408631420,-778361985,3323,9.28
408631483,-778362022,3323,9.29
408631544,-778362057,3323,9.3
408631607,-778362091,3323,9.31
408631667,-778362131,3323,9.32
408631726,-778362168,3323,9.33
408631785,-778362207,3324,9.34
408631847,-778362241,3324,9.35
408631909,-778362274,3324,9.36
408631967,-778362311,3324,9.37
408632024,-778362354,3324,9.38
408632083,-778362390,3324,9.39
408632140,-778362419,3324,9.4
408632199,-778362450,3325,9.41
408632260,-778362478,3325,9.42
408632316,-778362518,3325,9.43
408632371,-778362560,3325,9.44
408632428,-778362593,3325,9.45
408632489,-778362621,3325,9.46
408632551,-778362649,3326,9.47
408632609,-778362679,3326,9.48
408632668,-778362711,3326,9.49
408632723,-778362748,3326,9.5
408632783,-778362780,3326,9.51
408632845,-778362808,3326,9.52
408632905,-778362837,3327,9.53
408632965,-778362866,3327,9.54
408633023,-778362900,3327,9.55
408633083,-778362931,3327,9.56
408633144,-778362957,3327,9.57
408633204,-778362978,3327,9.58
408633268,-778363003,3327,9.59
408633327,-778363031,3327,9.6
408633387,-778363059,3328,9.61
408633446,-778363083,3328,9.62
408633507,-778363105,3328,9.63
408633568,-778363124,3328,9.64
408633627,-778363144,3328,9.65
408633687,-778363165,3328,9.66
408633747,-778363188,3328,9.67
408633807,-778363202,3329,9.68
408633863,-778363219,3329,9.69
408633919,-778363236,3329,9.7
408633977,-778363252,3329,9.71
408634033,-778363262,3329,9.72
408634091,-778363275,3329,9.73
408634149,-778363288,3329,9.74
408634203,-778363298,3329,9.75
408634259,-778363308,3330,9.76
408634317,-778363322,3330,9.77
408634371,-778363329,3329,9.78
408634426,-778363336,3330,9.79
408634479,-778363342,3330,9.8
408634534,-778363348,3330,9.81
408634588,-778363355,3330,9.82
408634642,-778363360,3330,9.83
408634694,-778363359,3330,9.84
408634746,-778363361,3330,9.85
408634800,-778363363,3331,9.86
408634855,-778363370,3331,9.87
408634906,-778363366,3331,9.88
408634959,-778363369,3331,9.89
408635009,-778363372,3331,9.9
408635057,-778363372,3331,9.91
408635108,-778363375,3331,9.92
408635159,-778363369,3332,9.93
408635210,-778363365,3332,9.94
408635258,-778363356,3332,9.95
408635307,-778363357,3332,9.96
408635355,-778363359,3333,9.97
408635404,-778363358,3332,9.98
408635450,-778363359,3333,9.99
408635497,-778363351,3333,10
408635545,-778363349,3333,10.01
408635594,-778363348,3333,10.02
408635640,-778363341,3334,10.03
408637851,-778363637,3334,10.04
408638950,-778361956,3339,10.05
408638964,-778361884,3339,10.06
408638975,-778361813,3339,10.07
408638986,-778361745,3339,10.08
408638986,-778361745,3339,10.09
408638995,-778361678,3339,10.1
408639009,-778361623,3339,10.11
408639014,-778361559,3339,10.12
408639019,-778361498,3339,10.13
408639024,-778361443,3339,10.14
408639027,-778361387,3339,10.15
408639032,-778361335,3339,10.16
408639036,-778361287,3338,10.17
408639039,-778361240,3338,10.18
408639041,-778361198,3339,10.19
408639042,-778361159,3338,10.2
408639049,-778361121,3339,10.21
408639045,-778361091,3338,10.22
408639046,-778361060,3338,10.23
408639045,-778361033,3338,10.24
408639046,-778361010,3338,10.25
408639045,-778360990,3338,10.26
408639044,-778360972,3338,10.27
408639045,-778360955,3338,10.28
408639044,-778360941,3338,10.29
408639044,-778360929,3338,10.3
408639048,-778360907,3338,10.31
408639047,-778360904,3338,10.32
408639046,-778360897,3338,10.33
408639046,-778360891,3338,10.34
408639047,-778360887,3338,10.35
408639047,-778360884,3338,10.36
408639047,-778360883,3338,10.37
408639047,-778360881,3338,10.38
408639046,-778360877,3338,10.39
408639046,-778360874,3338,10.4
408639047,-778360866,3338,10.41
408639046,-778360877,3338,10.42
408639047,-778360879,3338,10.43
408639048,-778360877,3338,10.44
408639047,-778360874,3338,10.45
408639047,-778360877,3338,10.46
408639047,-778360877,3338,10.47
408639047,-778360877,3338,10.48
408639047,-778360876,3338,10.49
408639047,-778360878,3338,10.5
408639050,-778360875,3338,10.51
408639050,-778360876,3338,10.52
408639050,-778360877,3338,10.53
408639050,-778360876,3338,10.54
408639049,-778360877,3338,10.55
408639049,-778360877,3338,10.56
408639049,-778360878,3338,10.57
408639049,-778360878,3338,10.58
408639048,-778360877,3338,10.59
408639048,-778360878,3338,10.6
408639051,-778360879,3338,10.61
408639051,-778360878,3338,10.62
408639051,-778360880,3338,10.63
408639053,-778360881,3338,10.64
408639052,-778360882,3338,10.65
408639052,-778360883,3338,10.66
408639052,-778360885,3338,10.67
408639052,-778360885,3338,10.68
408639052,-778360886,3338,10.69
408639052,-778360886,3338,10.7
408639053,-778360887,3339,10.71
408639053,-778360888,3338,10.72
408639054,-778360889,3339,10.73
408639054,-778360893,3338,10.74
408639054,-778360897,3339,10.75
408639055,-778360904,3339,10.76
408639055,-778360913,3339,10.77
408639055,-778360927,3339,10.78
408639056,-778360941,3339,10.79
408639057,-778360959,3339,10.8
408639060,-778360979,3339,10.81
408639061,-778361002,3339,10.82
408639062,-778361023,3339,10.83
408639062,-778361046,3339,10.84
408639062,-778361069,3339,10.85
408639062,-778361094,3339,10.86
408639062,-778361117,3339,10.87
408639062,-778361141,3339,10.88
408639058,-778361162,3339,10.89
408639056,-778361182,3339,10.9
408639054,-778361200,3340,10.91
408639052,-778361227,3340,10.92
408639049,-778361249,3340,10.93
408639047,-778361266,3340,10.94
408639045,-778361284,3340,10.95
408639041,-778361304,3340,10.96
408639037,-778361320,3340,10.97
408639034,-778361340,3340,10.98
408639031,-778361357,3340,10.99
408639028,-778361373,3340,11
408639024,-778361387,3340,11.01
408639021,-778361402,3340,11.02
408639017,-778361414,3340,11.03
408639013,-778361428,3340,11.04
408639010,-778361439,3340,11.05
408639007,-778361453,3340,11.06
408639004,-778361467,3340,11.07
408639000,-778361478,3340,11.08
408638996,-778361491,3340,11.09
408638990,-778361502,3340,11.1
408638985,-778361520,3340,11.11
408638981,-778361529,3340,11.12
408638976,-778361543,3340,11.13
408638971,-778361555,3340,11.14
408638967,-778361568,3340,11.15
408638961,-778361577,3340,11.16
408638957,-778361590,3339,11.17
408638951,-778361600,3340,11.18
408638945,-778361609,3339,11.19
408638942,-778361620,3339,11.2
408638936,-778361634,3339,11.21
408638930,-778361645,3339,11.22
408638923,-778361655,3339,11.23
408638917,-778361666,3340,11.24
408638914,-778361673,3339,11.25
408638906,-778361684,3340,11.26
408638901,-778361690,3339,11.27
408638898,-778361700,3339,11.28
408638891,-778361707,3339,11.29
408638886,-778361716,3339,11.3
408638878,-778361728,3340,11.31
408638875,-778361735,3339,11.32
408638868,-778361742,3339,11.33
408638862,-778361749,3339,11.34
408638857,-778361757,3339,11.35
408638851,-778361765,3339,11.36
408638844,-778361775,3339,11.37
408638837,-778361781,3339,11.38
408638831,-778361789,3339,11.39
408638825,-778361797,3339,11.4
408638817,-778361804,3339,11.41
408638812,-778361811,3339,11.42
408638807,-778361815,3339,11.43
408638800,-778361821,3339,11.44
408638795,-778361825,3339,11.45
408638791,-778361829,3339,11.46
408638786,-778361834,3339,11.47
408638781,-778361840,3339,11.48
408638778,-778361842,3339,11.49
408638773,-778361845,3339,11.5
408638768,-778361850,3339,11.51
408638764,-778361853,3339,11.52
408638761,-778361856,3339,11.53
408638756,-778361861,3339,11.54
408638753,-778361862,3339,11.55
408638749,-778361867,3339,11.56
408638748,-778361868,3339,11.57
408638747,-778361871,3339,11.58
408638746,-778361870,3339,11.59
408638748,-778361869,3339,11.6
408638744,-778361868,3339,11.61
408638747,-778361865,3339,11.62
408638746,-778361865,3339,11.63
408638745,-778361866,3339,11.64
408638746,-778361867,3339,11.65
408638747,-778361865,3339,11.66
408638746,-778361867,3339,11.67
408638745,-778361865,3339,11.68
408638745,-778361865,3339,11.69
408638746,-778361867,3339,11.7
408638746,-778361864,3340,11.71
408638746,-778361864,3340,11.72
408638746,-778361864,3340,11.73
408638746,-778361864,3340,11.74
408638746,-778361864,3340,11.75
408638746,-778361864,3340,11.76
408638746,-778361864,3340,11.77
408638746,-778361864,3340,11.78
408638746,-778361863,3340,11.79
408638746,-778361863,3340,11.8
408638746,-778361863,3340,11.81
408638746,-778361863,3340,11.82
408638746,-778361863,3340,11.83
408638746,-778361863,3340,11.84
408638746,-778361863,3340,11.85
408638746,-778361863,3340,11.86
408638746,-778361863,3340,11.87
408638746,-778361863,3340,11.88
408638746,-778361862,3340,11.89
408638746,-778361862,3340,11.9
408638746,-778361862,3340,11.91
408638746,-778361862,3340,11.92
408638746,-778361862,3340,11.93
408638746,-778361862,3340,11.94
408638746,-778361862,3340,11.95
408638746,-778361862,3340,11.96
408638746,-778361862,3340,11.97
408638746,-778361862,3340,11.98
408638746,-778361862,3340,11.99
408638746,-778361862,3340,12
408638746,-778361862,3340,12.01
408638792,-778361841,3340,12.02
408638805,-778361838,3340,12.03
408638821,-778361830,3340,12.04
408638839,-778361826,3340,12.05
408638859,-778361822,3340,12.06
408638883,-778361814,3340,12.07
408638905,-778361807,3341,12.08
408638931,-778361801,3340,12.09
408638954,-778361797,3340,12.1
408638979,-778361789,3340,12.11
408638994,-778361791,3341,12.12
408639022,-778361788,3341,12.13
408639043,-778361781,3341,12.14
408639064,-778361771,3341,12.15
408639085,-778361762,3341,12.16
408639103,-778361761,3341,12.17
408639123,-778361759,3341,12.18
408639140,-778361756,3341,12.19
408639156,-778361745,3341,12.2
408639174,-778361734,3341,12.21
408639182,-778361726,3341,12.22
408639201,-778361724,3341,12.23
408639215,-778361721,3342,12.24
408639229,-778361719,3342,12.25
408639246,-778361721,3341,12.26
408639257,-778361724,3342,12.27
408639273,-778361719,3342,12.28
408639290,-778361714,3342,12.29
408639308,-778361706,3342,12.3
408639326,-778361699,3342,12.31
408639339,-778361693,3344,12.32
408639360,-778361692,3344,12.33
408639385,-778361686,3344,12.34
408639409,-778361671,3344,12.35
408639431,-778361650,3344,12.36
408639452,-778361630,3344,12.37
408639478,-778361619,3343,12.38
408639503,-778361609,3344,12.39
408639528,-778361593,3344,12.4
408639549,-778361570,3345,12.41
408639565,-778361554,3346,12.42
408639588,-778361534,3345,12.43
408639611,-778361511,3346,12.44
408639634,-778361492,3346,12.45
408639657,-778361475,3346,12.46
408639683,-778361453,3346,12.47
408639705,-778361433,3347,12.48
408639726,-778361408,3347,12.49
408639748,-778361382,3347,12.5
408639767,-778361353,3347,12.51
408639783,-778361329,3348,12.52
408639804,-778361297,3348,12.53
408639827,-778361262,3348,12.54
408639849,-778361223,3348,12.55
408639869,-778361183,3349,12.56
408639887,-778361139,3349,12.57
408639903,-778361095,3349,12.58
408639923,-778361049,3349,12.59
408639942,-778361004,3349,12.6
408639961,-778360954,3349,12.61
408639979,-778360920,3351,12.62
408639995,-778360862,3351,12.63
408640013,-778360807,3351,12.64
408640028,-778360750,3351,12.65
408640042,-778360694,3352,12.66
408640056,-778360635,3352,12.67
408640069,-778360573,3352,12.68
408640081,-778360511,3352,12.69
408640093,-778360446,3352,12.7
408640105,-778360381,3353,12.71
408640120,-778360335,3352,12.72
408640130,-778360256,3352,12.73
408640138,-778360184,3352,12.74
408640144,-778360110,3352,12.75
408640150,-778360034,3352,12.76
408640153,-778359960,3353,12.77
408640156,-778359878,3353,12.78
408640158,-778359798,3353,12.79
408640158,-778359716,3353,12.8
408640155,-778359634,3353,12.81
408640160,-778359555,3355,12.82
408640152,-778359465,3355,12.83
408640145,-778359378,3355,12.84
408640135,-778359291,3355,12.85
408640125,-778359204,3355,12.86
408640113,-778359116,3356,12.87
408640100,-778359027,3356,12.88
408640084,-778358935,3357,12.89
408640067,-778358848,3357,12.9
408640048,-778358756,3357,12.91
408640037,-778358675,3359,12.92
408640008,-778358582,3360,12.93
408639905,-778358235,3362,12.94
408639875,-778358147,3363,12.95
408639843,-778358063,3363,12.96
408639809,-778357981,3364,12.97
408639775,-778357898,3364,12.98
408639755,-778357817,3366,12.99
408639714,-778357732,3367,13
408639679,-778357650,3367,13.01
408639642,-778357563,3367,13.02
408639601,-778357483,3368,13.03
408639563,-778357404,3368,13.04
408639521,-778357318,3369,13.05
408639477,-778357236,3369,13.06
408639434,-778357159,3369,13.07
408639390,-778357074,3369,13.08
408639366,-778356972,3369,13.09
408639316,-778356894,3369,13.1
408639269,-778356815,3369,13.11
408639224,-778356734,3369,13.12
408639174,-778356655,3369,13.13
408639125,-778356577,3368,13.14
408639078,-778356501,3368,13.15
408639028,-778356423,3368,13.16
408638979,-778356347,3368,13.17
408638928,-778356272,3368,13.18
408638891,-778356184,3368,13.19
408638839,-778356114,3367,13.2
408638789,-778356042,3367,13.21
408638736,-778355974,3367,13.22
408638682,-778355903,3367,13.23
408638631,-778355834,3367,13.24
408638580,-778355766,3366,13.25
408638528,-778355702,3367,13.26
408638476,-778355634,3367,13.27
408638427,-778355573,3367,13.28
408638388,-778355497,3367,13.29
408638338,-778355443,3367,13.3
408638289,-778355385,3367,13.31
408638239,-778355330,3367,13.32
408638192,-778355274,3367,13.33
408638148,-778355219,3367,13.34
408638105,-778355165,3367,13.35
408638062,-778355117,3366,13.36
408638018,-778355067,3366,13.37
408637973,-778355024,3366,13.38
408637937,-778354965,3366,13.39
408637897,-778354922,3366,13.4
408637857,-778354875,3366,13.41
408637812,-778354829,3365,13.42
408637768,-778354784,3365,13.43
408637726,-778354737,3365,13.44
408637692,-778354690,3365,13.45
408637650,-778354652,3366,13.46
408637604,-778354615,3366,13.47
408637557,-778354579,3365,13.48
408637518,-778354530,3364,13.49
408637481,-778354493,3363,13.5
408637439,-778354452,3363,13.51
408637399,-778354408,3364,13.52
408637361,-778354368,3364,13.53
408637324,-778354331,3364,13.54
408637278,-778354307,3364,13.55
408637231,-778354278,3364,13.56
408637186,-778354245,3363,13.57
408637148,-778354205,3364,13.58
408637113,-778354160,3365,13.59
408637070,-778354128,3364,13.6
408637070,-778354128,3364,13.61
408637028,-778354091,3364,13.62
408636990,-778354057,3365,13.63
408636950,-778354028,3364,13.64
408636912,-778353998,3364,13.65
408636867,-778353966,3365,13.66
408636824,-778353937,3365,13.67
408636782,-778353907,3364,13.68
408636743,-778353874,3364,13.69
408636712,-778353831,3364,13.7
408636669,-778353801,3364,13.71
408636624,-778353769,3364,13.72
408636578,-778353734,3364,13.73
408636534,-778353697,3364,13.74
408636490,-778353663,3364,13.75
408636444,-778353628,3364,13.76
408636393,-778353590,3363,13.77
408636344,-778353553,3363,13.78
408636293,-778353513,3363,13.79
408636251,-778353472,3363,13.8
408636199,-778353434,3363,13.81
408636144,-778353397,3363,13.82
408636090,-778353357,3363,13.83
408636035,-778353313,3362,13.84
408635980,-778353270,3362,13.85
408635928,-778353228,3362,13.86
408635873,-778353190,3362,13.87
408635818,-778353151,3362,13.88
408635763,-778353112,3362,13.89
408635717,-778353074,3362,13.9
408635661,-778353028,3361,13.91
408635605,-778352984,3361,13.92
408635549,-778352944,3361,13.93
408635490,-778352906,3361,13.94
408635437,-778352866,3361,13.95
408635384,-778352824,3361,13.96
408635330,-778352784,3360,13.97
408635279,-778352742,3360,13.98
408635223,-778352700,3360,13.99
408635178,-778352660,3359,14
408635123,-778352621,3359,14.01
408635071,-778352581,3359,14.02
408635021,-778352538,3359,14.03
408634965,-778352493,3358,14.04
408634913,-778352453,3358,14.05
408634863,-778352414,3358,14.06
408634812,-778352376,3358,14.07
408634763,-778352337,3358,14.08
408634708,-778352302,3358,14.09
408634664,-778352261,3358,14.1
408634617,-778352222,3358,14.11
408634570,-778352183,3358,14.12
408634522,-778352145,3358,14.13
408634472,-778352112,3357,14.14
408634427,-778352079,3358,14.15
408634384,-778352044,3358,14.16
408634338,-778352016,3358,14.17
408634296,-778351987,3358,14.18
408634255,-778351957,3358,14.19
408634216,-778351928,3358,14.2
408634180,-778351899,3358,14.21
408634141,-778351874,3358,14.22
408634105,-778351850,3358,14.23
408634067,-778351825,3358,14.24
408634029,-778351798,3358,14.25
408633989,-778351773,3358,14.26
408633955,-778351752,3358,14.27
408633920,-778351730,3358,14.28
408633888,-778351712,3358,14.29
408633855,-778351684,3359,14.3
408633827,-778351669,3359,14.31
408633797,-778351650,3359,14.32
408633768,-778351634,3359,14.33
408633736,-778351621,3359,14.34
408633710,-778351605,3358,14.35
408633683,-778351590,3358,14.36
408633656,-778351574,3358,14.37
408633630,-778351558,3358,14.38
408633602,-778351547,3358,14.39
408633575,-778351532,3359,14.4
408633553,-778351525,3359,14.41
408633529,-778351513,3359,14.42
408633504,-778351500,3359,14.43
408633482,-778351486,3359,14.44
408633461,-778351478,3359,14.45
408633442,-778351469,3359,14.46
408633423,-778351464,3359,14.47
408633405,-778351454,3359,14.48
408633388,-778351445,3359,14.49
408633370,-778351437,3359,14.5
408633358,-778351430,3359,14.51
408633346,-778351423,3359,14.52
408633330,-778351418,3359,14.53
408633317,-778351415,3359,14.54
408633305,-778351411,3359,14.55
408633297,-778351405,3359,14.56
408633287,-778351401,3359,14.57
408633281,-778351395,3359,14.58
408633272,-778351393,3359,14.59
408633267,-778351393,3359,14.6
408633268,-778351394,3359,14.61
408633268,-778351392,3359,14.62
408633269,-778351390,3359,14.63
408633270,-778351390,3359,14.64
408633273,-778351393,3359,14.65
408633272,-778351394,3359,14.66
408633270,-778351393,3359,14.67
408633270,-778351393,3359,14.68
408633271,-778351393,3359,14.69
408633260,-778351397,3358,14.7
408633264,-778351397,3359,14.71
408633264,-778351397,3358,14.72
408633265,-778351398,3358,14.73
408633265,-778351397,3358,14.74
408633264,-778351397,3359,14.75
408633264,-778351398,3359,14.76
408633265,-778351398,3358,14.77
408633265,-778351398,3358,14.78
408633265,-778351398,3358,14.79
408633262,-778351406,3357,14.8
408633262,-778351407,3357,14.81
408633261,-778351406,3357,14.82
408633262,-778351406,3357,14.83
408633262,-778351407,3357,14.84
408633262,-778351407,3357,14.85
408633261,-778351408,3357,14.86
408633260,-778351408,3358,14.87
408633260,-778351409,3358,14.88
408633261,-778351408,3357,14.89
408633261,-778351411,3356,14.9
408633261,-778351411,3356,14.91
408633261,-778351411,3356,14.92
408633260,-778351411,3356,14.93
408633260,-778351411,3356,14.94
408633260,-778351411,3356,14.95
408633260,-778351411,3356,14.96
408633260,-778351411,3356,14.97
408633260,-778351411,3356,14.98
408633260,-778351411,3356,14.99
408633262,-778351413,3356,15
408633262,-778351413,3356,15.01
408633262,-778351413,3356,15.02
408633262,-778351413,3356,15.03
408633262,-778351413,3356,15.04
408633262,-778351413,3356,15.05
408633262,-778351413,3356,15.06
408633262,-778351413,3356,15.07
408633262,-778351413,3356,15.08
408633262,-778351413,3356,15.09
408633262,-778351413,3356,15.1
408633262,-778351413,3356,15.11
408633262,-778351413,3356,15.12
408633262,-778351413,3356,15.13
408633262,-778351413,3356,15.14
408633262,-778351413,3356,15.15
408633262,-778351413,3356,15.16
408633262,-778351413,3356,15.17
408633262,-778351413,3356,15.18
408633262,-778351413,3356,15.19
408633262,-778351413,3356,15.2
408633262,-778351413,3356,15.21
408633262,-778351413,3356,15.22
408633262,-778351413,3356,15.23
408633262,-778351413,3356,15.24
408633262,-778351413,3356,15.25
408633262,-778351413,3356,15.26
408633262,-778351413,3356,15.27
408633262,-778351413,3356,15.28
408633262,-778351413,3356,15.29
408633262,-778351413,3356,15.3
408633262,-778351413,3356,15.31
408633262,-778351413,3356,15.32
408633262,-778351413,3356,15.33
408633262,-778351413,3356,15.34
408633262,-778351413,3356,15.35
408633262,-778351413,3356,15.36
408633262,-778351413,3356,15.37
408633262,-778351413,3356,15.38
408633262,-778351413,3356,15.39
408633262,-778351413,3356,15.4
408633262,-778351413,3356,15.41
408633262,-778351413,3356,15.42
408633262,-778351413,3356,15.43
408633262,-778351413,3356,15.44
408633262,-778351413,3356,15.45
408633262,-778351413,3356,15.46
408633262,-778351413,3356,15.47
408633262,-778351413,3356,15.48
408633262,-778351413,3356,15.49
408633262,-778351413,3356,15.5
408633262,-778351413,3356,15.51
408633262,-778351413,3356,15.52
408633262,-778351413,3356,15.53
408633262,-778351413,3356,15.54
408633262,-778351413,3356,15.55
408633262,-778351413,3356,15.56
408633262,-778351413,3356,15.57
408633262,-778351413,3356,15.58
408633262,-778351413,3356,15.59
408633262,-778351413,3356,15.6
408633262,-778351413,3356,15.61
408633262,-778351413,3356,15.62
408633262,-778351413,3356,15.63
408633262,-778351413,3356,15.64
408633262,-778351413,3356,15.65
408633262,-778351413,3356,15.66
408633262,-778351413,3356,15.67
408633262,-778351413,3356,15.68
408633262,-778351413,3356,15.69
408633262,-778351413,3356,15.7
408633262,-778351413,3356,15.71
408633262,-778351413,3356,15.72
408633262,-778351413,3356,15.73
408633262,-778351413,3356,15.74
408633262,-778351413,3356,15.75
408633262,-778351413,3356,15.76
408633262,-778351413,3356,15.77
408633262,-778351413,3356,15.78
408633262,-778351413,3356,15.79
408633262,-778351413,3356,15.8
408633262,-778351413,3356,15.81
408633262,-778351413,3356,15.82
408633262,-778351413,3356,15.83
408633262,-778351413,3356,15.84
408633262,-778351413,3356,15.85
408633262,-778351413,3356,15.86
408633262,-778351413,3356,15.87
408633262,-778351413,3356,15.88
408633262,-778351413,3356,15.89
408633262,-778351413,3356,15.9
408633262,-778351413,3356,15.91
408633262,-778351413,3356,15.92
408633262,-778351413,3356,15.93
408633262,-778351413,3356,15.94
408633262,-778351413,3356,15.95
408633262,-778351413,3356,15.96
408633262,-778351413,3356,15.97
408633262,-778351413,3356,15.98
408633262,-778351413,3356,15.99
408633262,-778351413,3356,16
408633262,-778351413,3356,16.01
408633262,-778351413,3356,16.02
408633262,-778351413,3356,16.03
408633262,-778351413,3356,16.04
408633262,-778351413,3356,16.05
408633262,-778351413,3356,16.06
408633262,-778351413,3356,16.07
408633262,-778351413,3356,16.08
408633262,-778351413,3356,16.09
408633262,-778351413,3356,16.1