lat,long,elev,timediff
408470251,-802630792,2685,0:02:50.810000
408470278,-802630775,2686,0:02:50.910000
408470302,-802630762,2686,0:02:51.010000
408470330,-802630748,2686,0:02:51.110000
408470352,-802630736,2686,0:02:51.210000
408470376,-802630716,2686,0:02:51.320000
408470377,-802630706,2686,0:02:51.420000
408470401,-802630687,2686,0:02:51.510000
408470428,-802630664,2686,0:02:51.610000
408470448,-802630642,2686,0:02:51.710000
408470470,-802630614,2686,0:02:51.810000
408470491,-802630583,2687,0:02:51.910000
408470491,-802630583,2687,0:02:52.010000
408470510,-802630550,2687,0:02:52.090000
408470529,-802630519,2687,0:02:52.190000
408470545,-802630484,2688,0:02:52.290000
408470564,-802630452,2688,0:02:52.390000
408470577,-802630447,2688,0:02:52.490000
408470590,-802630407,2688,0:02:52.600000
408470604,-802630366,2688,0:02:52.700000
408470618,-802630324,2688,0:02:52.800000
408470632,-802630286,2688,0:02:52.890000
408470641,-802630242,2688,0:02:52.990000
408470651,-802630201,2688,0:02:53.090000
408470662,-802630160,2687,0:02:53.190000
408470672,-802630119,2687,0:02:53.290000
408470676,-802630070,2687,0:02:53.390000
408470666,-802630035,2687,0:02:53.490000
408470671,-802629990,2687,0:02:53.590000
408470676,-802629939,2686,0:02:53.700000
408470681,-802629891,2686,0:02:53.790000
408470686,-802629840,2686,0:02:53.890000
408470690,-802629790,2686,0:02:53.990000
408470695,-802629740,2686,0:02:54.090000
408470698,-802629687,2686,0:02:54.190000
408470701,-802629638,2686,0:02:54.290000
408470703,-802629586,2686,0:02:54.390000
408470706,-802629534,2686,0:02:54.490000
408470707,-802629479,2686,0:02:54.590000
408470709,-802629426,2686,0:02:54.690000
408470712,-802629375,2686,0:02:54.790000
408470711,-802629321,2686,0:02:54.890000
408470715,-802629269,2686,0:02:54.990000
408470715,-802629216,2686,0:02:55.090000
408470720,-802629160,2686,0:02:55.200000
408470722,-802629103,2686,0:02:55.290000
408470725,-802629049,2686,0:02:55.390000
408470713,-802629001,2686,0:02:55.490000
408470716,-802628942,2686,0:02:55.570000
408470715,-802628889,2686,0:02:55.670000
408470716,-802628835,2686,0:02:55.770000
408470716,-802628780,2686,0:02:55.870000
408470718,-802628722,2686,0:02:55.960000
408470720,-802628670,2686,0:02:56.060000
408470722,-802628614,2686,0:02:56.180000
408470723,-802628556,2686,0:02:56.260000
408470721,-802628499,2686,0:02:56.370000
408470710,-802628456,2686,0:02:56.470000
408470709,-802628398,2686,0:02:56.570000
408470710,-802628345,2686,0:02:56.670000
408470711,-802628289,2686,0:02:56.770000
408470712,-802628233,2686,0:02:56.960000
408470712,-802628177,2686,0:02:57.070000
408470711,-802628122,2686,0:02:57.070000
408470711,-802628066,2685,0:02:57.180000
408470709,-802628009,2686,0:02:57.270000
408470710,-802627955,2686,0:02:57.370000
408470704,-802627904,2687,0:02:57.470000
408470705,-802627850,2687,0:02:57.580000
408470704,-802627797,2687,0:02:57.680000
408470706,-802627743,2686,0:02:57.770000
408470703,-802627692,2687,0:02:57.880000
408470705,-802627639,2687,0:02:57.970000
408470703,-802627589,2687,0:02:58.080000
408470703,-802627535,2687,0:02:58.190000
408470701,-802627485,2687,0:02:58.270000
408470704,-802627433,2687,0:02:58.380000
408470699,-802627389,2688,0:02:58.470000
408470700,-802627339,2688,0:02:58.580000
408470700,-802627290,2688,0:02:58.680000
408470697,-802627243,2688,0:02:58.770000
408470697,-802627195,2687,0:02:58.880000
408470697,-802627145,2687,0:02:58.980000
408470692,-802627098,2688,0:02:59.080000
408470691,-802627050,2688,0:02:59.180000
408470692,-802627004,2688,0:02:59.270000
408470688,-802626960,2688,0:02:59.380000
408470674,-802626917,2689,0:02:59.470000
408470667,-802626876,2689,0:02:59.540000
408470665,-802626830,2689,0:02:59.650000
408470662,-802626785,2689,0:02:59.740000
408470656,-802626740,2690,0:02:59.840000
408470645,-802626706,2690,0:02:59.940000
408470643,-802626658,2690,0:03:00.040000
408470637,-802626616,2690,0:03:00.140000
408470625,-802626579,2690,0:03:00.250000
408470619,-802626538,2690,0:03:00.340000
408470609,-802626501,2691,0:03:00.440000
408470600,-802626463,2691,0:03:00.540000
408470593,-802626426,2691,0:03:00.640000
408470586,-802626388,2691,0:03:00.740000
408470570,-802626360,2692,0:03:00.840000
408470558,-802626326,2692,0:03:00.940000
408470545,-802626290,2692,0:03:01.040000
408470532,-802626256,2692,0:03:01.140000
408470517,-802626226,2692,0:03:01.240000
408470503,-802626199,2692,0:03:01.340000
408470501,-802626175,2690,0:03:01.440000
408470486,-802626156,2690,0:03:01.540000
408470473,-802626137,2690,0:03:01.640000
408470462,-802626117,2690,0:03:01.740000
408470447,-802626098,2691,0:03:01.840000
408470434,-802626081,2691,0:03:01.900000
408470426,-802626062,2690,0:03:02
408470426,-802626062,2690,0:03:02.100000
408470414,-802626045,2690,0:03:02.230000
408470395,-802626019,2691,0:03:02.320000
408470376,-802626009,2692,0:03:02.410000
408470369,-802626002,2692,0:03:02.500000
408470369,-802626002,2692,0:03:02.600000
408470362,-802625991,2692,0:03:02.700000
408470356,-802625984,2692,0:03:02.810000
408470347,-802625974,2692,0:03:02.900000
408470341,-802625968,2692,0:03:03
408470338,-802625957,2692,0:03:03.100000
408470327,-802625945,2692,0:03:03.200000
408470324,-802625940,2692,0:03:03.300000
408470308,-802625944,2693,0:03:03.400000
408470306,-802625943,2693,0:03:03.500000
408470306,-802625943,2693,0:03:03.600000
408470302,-802625939,2693,0:03:03.700000
408470299,-802625936,2693,0:03:03.800000
408470297,-802625934,2693,0:03:03.900000
408470297,-802625930,2693,0:03:04.010000
408470295,-802625928,2693,0:03:04.100000
408470293,-802625930,2693,0:03:04.200000
408470294,-802625927,2693,0:03:04.300000
408470283,-802625930,2694,0:03:04.410000
408470284,-802625933,2694,0:03:04.600000
408470285,-802625935,2694,0:03:04.610000
408470285,-802625934,2694,0:03:04.700000
408470285,-802625935,2694,0:03:04.810000
408470285,-802625936,2694,0:03:04.910000
408470285,-802625935,2694,0:03:05.010000
408470286,-802625935,2694,0:03:05.100000
408470285,-802625935,2694,0:03:05.200000
408470285,-802625935,2694,0:03:05.300000
408470285,-802625946,2695,0:03:05.400000
408470285,-802625947,2695,0:03:05.500000
408470286,-802625947,2695,0:03:05.600000
408470285,-802625946,2695,0:03:05.700000
408470285,-802625946,2695,0:03:05.810000
408470286,-802625946,2695,0:03:05.910000
408470286,-802625948,2695,0:03:06.010000
408470285,-802625947,2695,0:03:06.110000
408470285,-802625947,2695,0:03:06.200000
408470285,-802625948,2696,0:03:06.300000
408470284,-802625948,2695,0:03:06.400000
408470289,-802625954,2696,0:03:06.510000
408470289,-802625954,2696,0:03:06.600000
408470289,-802625954,2696,0:03:06.700000
408470289,-802625954,2696,0:03:06.800000
408470289,-802625954,2696,0:03:06.920000
408470289,-802625954,2696,0:03:07.120000
408470289,-802625954,2696,0:03:07.140000
408470289,-802625954,2696,0:03:07.200000
408470289,-802625954,2696,0:03:07.310000
408470289,-802625954,2696,0:03:07.400000
408470287,-802625958,2696,0:03:07.510000
408470287,-802625958,2696,0:03:07.600000
408470287,-802625958,2696,0:03:07.700000
408470287,-802625958,2696,0:03:07.800000
408470287,-802625958,2696,0:03:07.900000
408470287,-802625958,2696,0:03:08.010000
408470287,-802625958,2696,0:03:08.110000
408470287,-802625958,2696,0:03:08.200000
408470287,-802625958,2696,0:03:08.300000
408470287,-802625958,2696,0:03:08.400000
408470287,-802625958,2696,0:03:08.500000
408470287,-802625958,2696,0:03:08.600000
408470287,-802625958,2696,0:03:08.720000
408470287,-802625958,2696,0:03:08.800000
408470287,-802625958,2696,0:03:08.900000
408470287,-802625958,2696,0:03:09
408470287,-802625958,2696,0:03:09.100000
408470287,-802625958,2696,0:03:09.200000
408470287,-802625958,2696,0:03:09.310000
408470287,-802625958,2696,0:03:09.400000
408470229,-802625898,2697,0:03:09.500000
408470216,-802625887,2697,0:03:09.600000
408470202,-802625869,2697,0:03:09.700000
408470190,-802625848,2697,0:03:09.800000
408470175,-802625830,2697,0:03:09.900000
408470156,-802625813,2697,0:03:10.010000
408470136,-802625799,2697,0:03:10.110000
408470118,-802625786,2697,0:03:10.210000
408470105,-802625769,2697,0:03:10.310000
408470085,-802625752,2697,0:03:10.400000
408470059,-802625764,2699,0:03:10.500000
408470036,-802625744,2699,0:03:10.600000
408470010,-802625726,2698,0:03:10.710000
408469981,-802625715,2698,0:03:10.800000
408469952,-802625706,2697,0:03:10.900000
408469922,-802625696,2697,0:03:11
408469893,-802625685,2697,0:03:11.100000
408469851,-802625693,2697,0:03:11.200000
408469819,-802625691,2697,0:03:11.300000
408469782,-802625692,2697,0:03:11.340000
408469745,-802625691,2698,0:03:11.450000
408469711,-802625691,2698,0:03:11.540000
408469673,-802625699,2698,0:03:11.640000
408469640,-802625712,2698,0:03:11.980000
408469605,-802625727,2698,0:03:11.980000
408469569,-802625744,2698,0:03:11.990000
408469532,-802625763,2698,0:03:12.040000
408469499,-802625776,2697,0:03:12.460000
408469461,-802625805,2697,0:03:12.470000
408469424,-802625831,2697,0:03:12.470000
408469400,-802625872,2698,0:03:12.480000
408469366,-802625903,2699,0:03:12.980000
408469331,-802625938,2698,0:03:12.980000
408469299,-802625976,2698,0:03:12.980000
408469265,-802626016,2698,0:03:12.990000
408469231,-802626052,2697,0:03:12.990000
408469195,-802626089,2697,0:03:13.450000
408469157,-802626127,2697,0:03:13.450000
408469121,-802626165,2697,0:03:13.450000
408469084,-802626204,2696,0:03:13.460000
408469058,-802626223,2699,0:03:13.460000
408469021,-802626271,2699,0:03:13.950000
408468984,-802626314,2699,0:03:13.950000
408468948,-802626354,2699,0:03:13.960000
408468911,-802626396,2699,0:03:13.970000
408468873,-802626440,2698,0:03:13.970000
408468837,-802626485,2698,0:03:14.420000
408468798,-802626529,2698,0:03:14.420000
408468760,-802626574,2698,0:03:14.430000
408468723,-802626620,2698,0:03:14.430000
408468711,-802626662,2700,0:03:14.450000
408468672,-802626711,2700,0:03:14.950000
408468634,-802626757,2700,0:03:14.950000
408468596,-802626800,2699,0:03:14.960000
408468558,-802626847,2699,0:03:14.970000
408468518,-802626897,2699,0:03:14.980000
408468479,-802626942,2699,0:03:15.400000
408468441,-802626988,2699,0:03:15.400000
408468404,-802627036,2699,0:03:15.410000
408468361,-802627083,2699,0:03:15.410000
408468336,-802627130,2701,0:03:15.450000
408468296,-802627180,2701,0:03:15.950000
408468258,-802627225,2701,0:03:15.950000
408468219,-802627271,2701,0:03:15.960000
408468179,-802627320,2701,0:03:15.970000
408468141,-802627367,2700,0:03:15.970000
408468104,-802627414,2700,0:03:16.390000
408468066,-802627459,2700,0:03:16.390000
408468026,-802627507,2700,0:03:16.400000
408467988,-802627554,2700,0:03:16.400000
408467953,-802627610,2699,0:03:16.460000
408467914,-802627658,2699,0:03:16.930000
408467875,-802627703,2699,0:03:16.930000
408467838,-802627748,2699,0:03:16.940000
408467798,-802627795,2699,0:03:16.940000
408467762,-802627842,2699,0:03:16.950000
408467725,-802627886,2699,0:03:17.050000
408467686,-802627929,2699,0:03:17.160000
408467651,-802627972,2699,0:03:17.250000
408467613,-802628019,2699,0:03:17.350000
408467591,-802628070,2701,0:03:17.450000
408467557,-802628109,2701,0:03:17.550000
408467522,-802628150,2700,0:03:17.650000
408467487,-802628192,2701,0:03:17.750000
408467453,-802628231,2701,0:03:17.850000
408467422,-802628271,2701,0:03:17.950000
408467390,-802628306,2700,0:03:18.050000
408467361,-802628345,2701,0:03:18.150000
408467334,-802628379,2701,0:03:18.250000
408467301,-802628412,2701,0:03:18.350000
408467274,-802628460,2701,0:03:18.450000
408467247,-802628493,2702,0:03:18.550000
408467230,-802628510,2701,0:03:18.650000
408467207,-802628540,2701,0:03:18.750000
408467185,-802628567,2701,0:03:18.850000
408467161,-802628591,2701,0:03:18.950000
408467140,-802628617,2701,0:03:19.050000
408467127,-802628635,2701,0:03:19.160000
408467109,-802628654,2701,0:03:19.250000
408467095,-802628673,2701,0:03:19.350000
408467082,-802628698,2703,0:03:19.450000
408467069,-802628711,2703,0:03:19.550000
408467052,-802628733,2703,0:03:19.650000
408467040,-802628742,2702,0:03:19.750000
408467029,-802628758,2703,0:03:19.850000
408467013,-802628776,2702,0:03:19.950000
408467004,-802628786,2703,0:03:20.050000
408466996,-802628798,2703,0:03:20.150000
408466986,-802628809,2703,0:03:20.250000
408466978,-802628814,2702,0:03:20.350000
408466958,-802628840,2704,0:03:20.450000
408466947,-802628852,2704,0:03:20.550000
408466947,-802628853,2704,0:03:20.660000
408466943,-802628855,2704,0:03:20.760000
408466940,-802628865,2704,0:03:20.860000
408466938,-802628868,2704,0:03:20.950000
408466933,-802628869,2704,0:03:21.050000
408466928,-802628879,2704,0:03:21.150000
408466928,-802628882,2705,0:03:21.250000
408466924,-802628881,2704,0:03:21.360000
408466946,-802628888,2705,0:03:21.450000
408466947,-802628887,2705,0:03:21.550000
408466948,-802628886,2705,0:03:21.650000
408466948,-802628886,2705,0:03:21.750000
408466948,-802628886,2705,0:03:21.850000
408466948,-802628885,2705,0:03:21.960000
408466950,-802628884,2705,0:03:22.070000
408466950,-802628884,2705,0:03:22.150000
408466948,-802628885,2705,0:03:22.250000
408466949,-802628884,2705,0:03:22.350000
408466947,-802628885,2705,0:03:22.460000
408466933,-802628877,2705,0:03:22.560000
408466933,-802628877,2705,0:03:22.690000
408466933,-802628877,2705,0:03:22.760000
408466933,-802628877,2705,0:03:22.850000
408466933,-802628877,2705,0:03:22.950000
408466933,-802628877,2705,0:03:23.050000
408466933,-802628877,2705,0:03:23.150000
408466933,-802628877,2705,0:03:23.250000
408466933,-802628877,2705,0:03:23.350000
408466933,-802628877,2705,0:03:23.450000
408466931,-802628877,2705,0:03:23.550000
408466931,-802628877,2705,0:03:23.650000
408466931,-802628877,2705,0:03:23.750000
408466931,-802628877,2705,0:03:23.850000
408466931,-802628877,2705,0:03:23.950000
408466931,-802628877,2705,0:03:24.050000
408466931,-802628877,2705,0:03:24.160000
408466931,-802628877,2705,0:03:24.250000
408466931,-802628877,2705,0:03:24.350000
408466931,-802628877,2705,0:03:24.450000
408466927,-802628879,2706,0:03:24.550000
408466927,-802628879,2706,0:03:24.650000
408466927,-802628879,2706,0:03:24.750000
408466927,-802628879,2706,0:03:24.860000
408466927,-802628879,2706,0:03:24.960000
408466927,-802628879,2706,0:03:25.060000
408466927,-802628879,2706,0:03:25.150000
408466927,-802628879,2706,0:03:25.250000
408466927,-802628879,2706,0:03:25.350000
408466927,-802628879,2706,0:03:25.450000
408466914,-802628871,2706,0:03:25.560000
408466914,-802628871,2706,0:03:25.650000
408466914,-802628871,2706,0:03:25.750000
408466914,-802628871,2706,0:03:25.850000
408466914,-802628871,2706,0:03:25.950000
408466914,-802628871,2706,0:03:26.050000
408466914,-802628871,2706,0:03:26.150000
408466914,-802628871,2706,0:03:26.250000
408466914,-802628871,2706,0:03:26.350000
408466914,-802628871,2706,0:03:26.450000
408466907,-802628860,2706,0:03:26.550000
408466907,-802628860,2706,0:03:26.650000
408466907,-802628860,2706,0:03:26.750000
408466907,-802628860,2706,0:03:26.850000
408466907,-802628860,2706,0:03:26.950000
408466907,-802628860,2706,0:03:27.050000
408466907,-802628860,2706,0:03:27.150000
408466907,-802628860,2706,0:03:27.250000
408466907,-802628860,2706,0:03:27.350000
408466907,-802628860,2706,0:03:27.450000
408466902,-802628851,2705,0:03:27.550000
408466902,-802628851,2705,0:03:27.650000
408466902,-802628850,2705,0:03:27.750000
408466902,-802628851,2705,0:03:27.850000
408466902,-802628851,2705,0:03:27.950000
408466902,-802628851,2705,0:03:28.050000
408466902,-802628851,2705,0:03:28.150000
408466902,-802628851,2705,0:03:28.250000
408466902,-802628851,2705,0:03:28.350000
408466902,-802628851,2705,0:03:28.450000
408466897,-802628849,2706,0:03:28.550000
408466897,-802628849,2706,0:03:28.650000
408466897,-802628849,2706,0:03:28.750000
408466897,-802628849,2706,0:03:28.850000
408466897,-802628849,2706,0:03:28.980000
408466897,-802628849,2706,0:03:29.050000
408466897,-802628849,2706,0:03:29.160000
408466897,-802628849,2706,0:03:29.270000
408466897,-802628849,2706,0:03:29.360000
408466897,-802628849,2706,0:03:29.450000
408466891,-802628840,2706,0:03:29.550000
408466891,-802628840,2706,0:03:29.570000
408466891,-802628840,2706,0:03:29.750000
408466891,-802628840,2706,0:03:29.770000
408466891,-802628840,2706,0:03:29.870000
408466891,-802628840,2706,0:03:29.960000
408466891,-802628840,2706,0:03:30.060000
408466891,-802628840,2706,0:03:30.160000
408466891,-802628840,2706,0:03:30.260000
408466891,-802628840,2706,0:03:30.360000
408466890,-802628834,2706,0:03:30.460000
408466890,-802628834,2706,0:03:30.560000
408466890,-802628834,2706,0:03:30.660000
408466890,-802628834,2706,0:03:30.760000
408466890,-802628834,2706,0:03:30.860000
408466890,-802628834,2706,0:03:30.960000
408466890,-802628834,2706,0:03:31.060000
408466890,-802628834,2706,0:03:31.160000
408466890,-802628834,2706,0:03:31.260000
408466890,-802628834,2706,0:03:31.370000
408466883,-802628823,2706,0:03:31.460000
408466883,-802628823,2706,0:03:31.560000
408466883,-802628823,2706,0:03:31.660000
408466883,-802628823,2706,0:03:31.760000
408466883,-802628823,2706,0:03:31.860000
408466883,-802628823,2706,0:03:31.960000
408466883,-802628823,2706,0:03:32.060000
408466883,-802628823,2706,0:03:32.160000
408466883,-802628823,2706,0:03:32.260000
408466883,-802628823,2706,0:03:32.360000
408466881,-802628819,2706,0:03:32.460000
408466881,-802628819,2706,0:03:32.560000
408466881,-802628819,2706,0:03:32.660000
408466881,-802628819,2706,0:03:32.760000
408466881,-802628819,2706,0:03:32.860000
408466881,-802628819,2706,0:03:32.960000
408466881,-802628819,2706,0:03:33.060000
408466881,-802628819,2706,0:03:33.160000
408466881,-802628819,2706,0:03:33.270000
408466881,-802628819,2706,0:03:33.360000
408466874,-802628814,2706,0:03:33.460000
408466874,-802628814,2706,0:03:33.560000
408466874,-802628815,2706,0:03:33.670000
408466874,-802628815,2706,0:03:33.770000
408466874,-802628815,2706,0:03:33.870000
408466874,-802628815,2706,0:03:33.970000
408466874,-802628815,2706,0:03:34.060000
408466874,-802628815,2706,0:03:34.160000
408466874,-802628815,2706,0:03:34.260000
408466874,-802628815,2706,0:03:34.360000
408466869,-802628808,2707,0:03:34.460000
408466869,-802628808,2707,0:03:34.560000
408466869,-802628808,2707,0:03:34.660000
408466868,-802628808,2707,0:03:34.760000
408466868,-802628808,2707,0:03:34.870000
408466868,-802628808,2707,0:03:34.960000
408466868,-802628808,2707,0:03:35.060000
408466868,-802628808,2707,0:03:35.160000
408466868,-802628808,2707,0:03:35.260000
408466868,-802628808,2707,0:03:35.360000
408466865,-802628802,2707,0:03:35.460000
408466865,-802628802,2707,0:03:35.560000
408466865,-802628802,2707,0:03:35.660000
408466865,-802628802,2707,0:03:35.760000
408466865,-802628802,2707,0:03:35.860000
408466865,-802628802,2707,0:03:35.960000
408466865,-802628802,2707,0:03:36.070000
408466865,-802628802,2707,0:03:36.160000
408466865,-802628802,2707,0:03:36.270000
408466865,-802628802,2707,0:03:36.360000
408466856,-802628797,2707,0:03:36.460000
408466856,-802628797,2707,0:03:36.560000
408466857,-802628797,2707,0:03:36.660000
408466857,-802628797,2707,0:03:36.770000
408466857,-802628797,2707,0:03:36.870000
408466856,-802628797,2707,0:03:36.960000
408466856,-802628798,2707,0:03:37.070000
408466856,-802628798,2707,0:03:37.160000
408466856,-802628798,2707,0:03:37.260000
408466856,-802628798,2707,0:03:37.360000
408466853,-802628793,2708,0:03:37.460000
408466853,-802628793,2708,0:03:37.560000
408466853,-802628793,2708,0:03:37.660000
408466853,-802628793,2708,0:03:37.760000
408466853,-802628793,2708,0:03:37.860000
408466853,-802628793,2708,0:03:37.960000
408466853,-802628793,2708,0:03:38.070000
408466853,-802628793,2708,0:03:38.170000
408466853,-802628793,2708,0:03:38.260000
408466853,-802628793,2708,0:03:38.360000
408466858,-802628788,2708,0:03:38.480000
408466858,-802628788,2708,0:03:38.560000
408466858,-802628787,2708,0:03:38.660000
408466858,-802628787,2708,0:03:38.760000
408466858,-802628787,2708,0:03:38.860000
408466858,-802628787,2708,0:03:38.960000
408466858,-802628787,2708,0:03:39.060000
408466858,-802628787,2708,0:03:39.160000
408466858,-802628787,2708,0:03:39.260000
408466858,-802628787,2708,0:03:39.360000
408466856,-802628782,2707,0:03:39.470000
408466856,-802628782,2707,0:03:39.560000
408466856,-802628782,2707,0:03:39.660000
408466856,-802628782,2707,0:03:39.760000
408466856,-802628782,2707,0:03:39.860000
408466856,-802628782,2707,0:03:39.960000
408466856,-802628782,2707,0:03:40.060000
408466856,-802628782,2707,0:03:40.160000
408466856,-802628782,2707,0:03:40.270000
408466856,-802628782,2707,0:03:40.360000
408466857,-802628772,2707,0:03:40.460000
408466857,-802628772,2707,0:03:40.560000
408466857,-802628773,2707,0:03:40.660000
408466857,-802628773,2707,0:03:40.760000
408466857,-802628773,2707,0:03:40.860000
408466857,-802628773,2707,0:03:40.970000
408466857,-802628772,2707,0:03:41.060000
408466857,-802628773,2707,0:03:41.160000
408466857,-802628772,2707,0:03:41.260000
408466857,-802628772,2707,0:03:41.360000
408466855,-802628766,2706,0:03:41.460000
408466855,-802628766,2706,0:03:41.560000
408466855,-802628766,2706,0:03:41.660000
408466855,-802628766,2706,0:03:41.990000
408466855,-802628766,2706,0:03:41.990000
408466855,-802628766,2706,0:03:42
408466855,-802628766,2706,0:03:42.060000
408466855,-802628766,2706,0:03:42.470000
408466855,-802628766,2706,0:03:42.470000
408466855,-802628766,2706,0:03:42.480000
408466850,-802628763,2707,0:03:42.480000
408466850,-802628763,2707,0:03:42.960000
408466850,-802628763,2707,0:03:42.970000
408466850,-802628763,2707,0:03:42.980000
408466850,-802628763,2707,0:03:42.990000
408466850,-802628763,2707,0:03:43
408466850,-802628763,2707,0:03:43.460000
408466850,-802628763,2707,0:03:43.460000
408466850,-802628763,2707,0:03:43.470000
408466850,-802628763,2707,0:03:43.490000
408466846,-802628759,2707,0:03:43.500000
408466846,-802628759,2707,0:03:43.960000
408466846,-802628759,2707,0:03:43.970000
408466846,-802628759,2707,0:03:43.970000
408466846,-802628759,2707,0:03:43.980000
408466846,-802628759,2707,0:03:43.990000
408466846,-802628759,2707,0:03:44.440000
408466846,-802628759,2707,0:03:44.440000
408466846,-802628759,2707,0:03:44.450000
408466846,-802628759,2707,0:03:44.470000
408466848,-802628757,2707,0:03:44.470000
408466848,-802628757,2707,0:03:44.960000
408466848,-802628757,2707,0:03:44.970000
408466848,-802628757,2707,0:03:44.970000
408466848,-802628757,2707,0:03:44.990000
408466848,-802628757,2707,0:03:44.990000
408466848,-802628757,2707,0:03:45.420000
408466848,-802628757,2707,0:03:45.420000
408466848,-802628757,2707,0:03:45.430000
408466848,-802628757,2707,0:03:45.450000
408466852,-802628753,2707,0:03:45.460000
408466852,-802628753,2707,0:03:45.960000
408466851,-802628753,2707,0:03:45.970000
408466851,-802628753,2707,0:03:45.970000
408466851,-802628753,2707,0:03:45.990000
408466851,-802628753,2707,0:03:45.990000
408466851,-802628753,2707,0:03:46.450000
408466851,-802628753,2707,0:03:46.460000
408466851,-802628753,2707,0:03:46.480000
408466852,-802628753,2707,0:03:46.480000
408466853,-802628749,2708,0:03:46.490000
408466853,-802628749,2708,0:03:46.960000
408466853,-802628749,2708,0:03:46.970000
408466853,-802628749,2708,0:03:46.980000
408466853,-802628749,2708,0:03:46.990000
408466853,-802628749,2708,0:03:47
408466853,-802628749,2708,0:03:47.060000
408466853,-802628749,2708,0:03:47.160000
408466853,-802628749,2708,0:03:47.260000
408466853,-802628749,2708,0:03:47.380000
408466856,-802628745,2709,0:03:47.460000
408466856,-802628746,2709,0:03:47.560000
408466856,-802628746,2709,0:03:47.660000
408466856,-802628746,2709,0:03:47.760000
408466856,-802628746,2709,0:03:47.860000
408466856,-802628746,2709,0:03:47.960000
408466856,-802628746,2709,0:03:48.030000
408466856,-802628746,2709,0:03:48.130000
408466856,-802628746,2709,0:03:48.230000
408466856,-802628746,2709,0:03:48.330000
408466854,-802628740,2709,0:03:48.430000
408466854,-802628740,2709,0:03:48.530000
408466854,-802628740,2709,0:03:48.640000
408466853,-802628740,2709,0:03:48.730000
408466853,-802628740,2709,0:03:48.830000
408466853,-802628740,2709,0:03:48.930000
408466853,-802628740,2709,0:03:49.030000
408466853,-802628740,2709,0:03:49.130000
408466853,-802628740,2709,0:03:49.230000
408466853,-802628740,2709,0:03:49.330000
408466850,-802628735,2709,0:03:49.430000
408466850,-802628735,2709,0:03:49.540000
408466850,-802628735,2709,0:03:49.630000
408466850,-802628735,2709,0:03:49.730000
408466850,-802628735,2709,0:03:49.830000
408466850,-802628735,2709,0:03:49.930000
408466850,-802628735,2709,0:03:50.030000
408466850,-802628735,2709,0:03:50.130000
408466850,-802628735,2709,0:03:50.230000
408466850,-802628735,2709,0:03:50.340000
408466853,-802628735,2710,0:03:50.430000
408466853,-802628735,2710,0:03:50.530000
408466853,-802628735,2710,0:03:50.630000
408466853,-802628735,2710,0:03:50.730000
408466853,-802628735,2710,0:03:50.830000
408466853,-802628735,2710,0:03:50.930000
408466853,-802628735,2710,0:03:51.030000
408466853,-802628735,2710,0:03:51.130000
408466853,-802628735,2710,0:03:51.230000
408466853,-802628735,2710,0:03:51.330000
408466845,-802628733,2710,0:03:51.430000
408466845,-802628733,2710,0:03:51.530000
408466845,-802628733,2710,0:03:51.630000
408466845,-802628733,2710,0:03:51.730000
408466845,-802628733,2710,0:03:51.830000
408466845,-802628733,2710,0:03:51.940000
408466845,-802628733,2710,0:03:52.030000
408466845,-802628733,2710,0:03:52.130000
408466845,-802628733,2710,0:03:52.230000
408466845,-802628733,2710,0:03:52.330000
408466838,-802628739,2710,0:03:52.430000
408466838,-802628739,2710,0:03:52.530000
408466838,-802628739,2710,0:03:52.630000
408466838,-802628739,2710,0:03:52.730000
408466838,-802628739,2710,0:03:52.830000
408466838,-802628739,2710,0:03:52.930000
408466838,-802628739,2710,0:03:53.030000
408466838,-802628739,2710,0:03:53.140000
408466838,-802628739,2710,0:03:53.230000
408466838,-802628739,2710,0:03:53.330000
408466829,-802628745,2711,0:03:53.430000
408466829,-802628745,2711,0:03:53.530000
408466829,-802628745,2711,0:03:53.630000
408466829,-802628745,2711,0:03:53.740000
408466829,-802628745,2711,0:03:53.840000
408466829,-802628745,2711,0:03:53.930000
408466829,-802628745,2711,0:03:54.030000
408466829,-802628745,2711,0:03:54.130000
408466829,-802628745,2711,0:03:54.230000
408466829,-802628745,2711,0:03:54.330000
408466829,-802628745,2711,0:03:54.430000
408466829,-802628745,2711,0:03:54.530000
408466829,-802628745,2711,0:03:54.630000
408466829,-802628745,2711,0:03:54.730000
408466829,-802628745,2711,0:03:54.830000
408466829,-802628745,2711,0:03:54.930000
408466829,-802628745,2711,0:03:55.030000
408466829,-802628745,2711,0:03:55.130000
408466829,-802628745,2711,0:03:55.230000
408466829,-802628745,2711,0:03:55.330000
408466829,-802628745,2711,0:03:55.430000
408466828,-802628745,2711,0:03:55.530000
408466828,-802628745,2711,0:03:55.630000
408466828,-802628745,2711,0:03:55.730000
408466828,-802628745,2711,0:03:55.780000
408466828,-802628745,2711,0:03:55.890000
408466828,-802628745,2711,0:03:55.990000
408466828,-802628745,2711,0:03:56.090000
408466828,-802628745,2711,0:03:56.180000
408466828,-802628745,2711,0:03:56.280000
408466828,-802628745,2711,0:03:56.380000
408466828,-802628746,2711,0:03:56.480000
408466828,-802628746,2711,0:03:56.580000
408466828,-802628746,2711,0:03:56.680000
408466828,-802628746,2711,0:03:56.780000
408466828,-802628746,2711,0:03:56.880000
408466828,-802628746,2711,0:03:56.980000
408466828,-802628746,2711,0:03:57.080000
408466828,-802628746,2711,0:03:57.180000
408466828,-802628746,2711,0:03:57.280000
408466828,-802628746,2711,0:03:57.380000
408466828,-802628746,2711,0:03:57.480000
408466828,-802628746,2711,0:03:57.580000
408466828,-802628746,2711,0:03:57.680000
408466828,-802628746,2711,0:03:57.780000
408466828,-802628746,2711,0:03:57.880000
408466828,-802628746,2711,0:03:57.990000
408466828,-802628746,2711,0:03:58.080000
408466828,-802628746,2711,0:03:58.180000
408466828,-802628746,2711,0:03:58.330000
408466828,-802628746,2711,0:03:58.380000
408466828,-802628746,2711,0:03:58.480000
408466828,-802628746,2711,0:03:58.580000
408466828,-802628746,2711,0:03:58.680000
408466828,-802628746,2711,0:03:58.780000
408466827,-802628746,2711,0:03:58.890000
408466827,-802628746,2711,0:03:58.980000
408466827,-802628746,2711,0:03:59.080000
408466827,-802628746,2711,0:03:59.180000
408466827,-802628746,2711,0:03:59.280000
408466827,-802628746,2711,0:03:59.440000
408466827,-802628746,2711,0:03:59.480000
408466827,-802628746,2711,0:03:59.580000
408466827,-802628746,2711,0:03:59.680000
408466827,-802628746,2711,0:03:59.780000
408466827,-802628746,2711,0:03:59.890000
408466827,-802628746,2711,0:03:59.980000
408466827,-802628746,2711,0:04:00.080000
408466827,-802628746,2711,0:04:00.190000
408466827,-802628746,2711,0:04:00.290000
408466827,-802628746,2711,0:04:00.380000
408466827,-802628746,2711,0:04:00.480000
408466827,-802628746,2711,0:04:00.580000
408466827,-802628746,2711,0:04:00.680000
408466827,-802628746,2711,0:04:00.780000
408466827,-802628746,2711,0:04:00.880000
408466827,-802628746,2711,0:04:00.980000
408466827,-802628746,2711,0:04:01.080000
408466827,-802628746,2711,0:04:01.180000
408466827,-802628746,2711,0:04:01.280000
408466827,-802628746,2711,0:04:01.380000
408466827,-802628746,2711,0:04:01.480000
408466827,-802628746,2711,0:04:01.580000
408466827,-802628746,2711,0:04:01.680000
408466827,-802628746,2711,0:04:01.780000
408466827,-802628746,2711,0:04:01.880000
408466827,-802628746,2711,0:04:01.980000
408466827,-802628746,2711,0:04:02.080000
408466827,-802628746,2711,0:04:02.180000
408466827,-802628746,2711,0:04:02.280000
408466827,-802628746,2711,0:04:02.380000
408466827,-802628746,2711,0:04:02.480000
408466827,-802628746,2711,0:04:02.580000
408466827,-802628746,2711,0:04:02.690000
408466827,-802628746,2711,0:04:02.780000
408466827,-802628746,2711,0:04:02.880000
408466827,-802628746,2711,0:04:02.980000
408466827,-802628746,2711,0:04:03.090000
408466827,-802628746,2711,0:04:03.180000
408466827,-802628746,2711,0:04:03.280000
408466827,-802628746,2711,0:04:03.380000
408466826,-802628746,2711,0:04:03.480000
408466826,-802628746,2711,0:04:03.580000
408466826,-802628746,2711,0:04:03.680000
408466826,-802628746,2711,0:04:03.780000
408466826,-802628746,2711,0:04:03.880000
408466826,-802628746,2711,0:04:03.990000
408466826,-802628746,2711,0:04:04.080000
408466826,-802628746,2711,0:04:04.180000
408466826,-802628746,2711,0:04:04.280000
408466826,-802628746,2711,0:04:04.380000
408466814,-802628766,2710,0:04:04.490000
408466809,-802628770,2710,0:04:04.590000
408466808,-802628773,2710,0:04:04.680000
408466804,-802628777,2710,0:04:04.780000
408466800,-802628778,2710,0:04:04.880000
408466796,-802628783,2710,0:04:04.980000
408466796,-802628786,2710,0:04:05.080000
408466795,-802628790,2711,0:04:05.180000
408466791,-802628792,2710,0:04:05.280000
408466784,-802628798,2710,0:04:05.380000
408466780,-802628808,2711,0:04:05.480000
408466781,-802628811,2711,0:04:05.580000
408466778,-802628815,2711,0:04:05.680000
408466770,-802628822,2711,0:04:05.780000
408466770,-802628823,2711,0:04:05.880000
408466769,-802628827,2711,0:04:05.980000
408466765,-802628831,2711,0:04:06.030000
408466763,-802628834,2712,0:04:06.130000
408466761,-802628840,2711,0:04:06.230000
408466759,-802628842,2711,0:04:06.330000
408466736,-802628866,2712,0:04:06.430000
408466736,-802628866,2712,0:04:06.540000
408466737,-802628868,2712,0:04:06.630000
408466730,-802628870,2712,0:04:06.730000
408466729,-802628874,2712,0:04:06.830000
408466725,-802628879,2712,0:04:06.930000
408466721,-802628884,2712,0:04:07.030000
408466713,-802628891,2711,0:04:07.130000
408466708,-802628897,2711,0:04:07.220000
408466702,-802628902,2711,0:04:07.330000
408466698,-802628917,2712,0:04:07.430000
408466720,-802628942,2713,0:04:07.530000
408466714,-802628949,2713,0:04:07.630000
408466708,-802628958,2713,0:04:07.730000
408466692,-802628976,2713,0:04:07.830000
408466692,-802628976,2713,0:04:07.930000
408466688,-802628984,2713,0:04:08.030000
408466665,-802629005,2713,0:04:08.130000
408466655,-802629015,2712,0:04:08.230000
408466655,-802629015,2712,0:04:08.330000
408466655,-802629047,2713,0:04:08.430000
408466641,-802629060,2713,0:04:08.530000
408466641,-802629060,2713,0:04:08.630000
408466632,-802629074,2713,0:04:08.740000
408466620,-802629089,2713,0:04:08.830000
408466610,-802629104,2713,0:04:08.930000
408466596,-802629121,2713,0:04:09.030000
408466578,-802629139,2714,0:04:09.130000
408466562,-802629161,2713,0:04:09.230000
408466548,-802629180,2713,0:04:09.330000
408466526,-802629201,2713,0:04:09.430000
408466523,-802629224,2713,0:04:09.530000
408466502,-802629247,2712,0:04:09.630000
408466478,-802629275,2713,0:04:09.730000
408466453,-802629300,2712,0:04:09.830000
408466427,-802629326,2712,0:04:09.930000
408466398,-802629354,2713,0:04:10.030000
408466372,-802629378,2712,0:04:10.130000
408466340,-802629409,2712,0:04:10.230000
408466306,-802629436,2712,0:04:10.330000
408466273,-802629460,2712,0:04:10.430000
408466263,-802629486,2712,0:04:10.530000
408466223,-802629514,2712,0:04:10.630000
408466181,-802629541,2712,0:04:10.730000
408466144,-802629562,2712,0:04:10.830000
408466104,-802629586,2712,0:04:10.930000
408466064,-802629600,2712,0:04:11.030000
408466015,-802629621,2713,0:04:11.130000
408465980,-802629632,2713,0:04:11.230000
408465930,-802629648,2713,0:04:11.330000
408465888,-802629656,2713,0:04:11.430000
408465861,-802629673,2712,0:04:11.530000
408465815,-802629677,2712,0:04:11.630000
408465760,-802629682,2712,0:04:11.970000
408465712,-802629684,2713,0:04:11.980000
408465665,-802629678,2713,0:04:11.980000
408465615,-802629675,2713,0:04:12
408465568,-802629665,2712,0:04:12.480000
408465515,-802629656,2713,0:04:12.490000
408465465,-802629641,2713,0:04:12.500000
408465413,-802629624,2713,0:04:12.500000
408465378,-802629626,2712,0:04:12.520000
408465320,-802629600,2712,0:04:12.990000
408465268,-802629578,2713,0:04:12.990000
408465217,-802629547,2713,0:04:12.990000
408465170,-802629516,2713,0:04:13
408465122,-802629479,2712,0:04:13.010000
408465071,-802629446,2712,0:04:13.450000
408465021,-802629412,2713,0:04:13.450000
408464973,-802629366,2713,0:04:13.470000
408464925,-802629324,2713,0:04:13.470000
408464885,-802629299,2713,0:04:13.490000
408464840,-802629242,2713,0:04:13.980000
408464793,-802629194,2714,0:04:13.980000
408464746,-802629139,2714,0:04:13.990000
408464704,-802629082,2714,0:04:14.010000
408464662,-802629020,2714,0:04:14.010000
408464618,-802628964,2715,0:04:14.420000
408464577,-802628901,2714,0:04:14.430000
408464541,-802628832,2714,0:04:14.440000
408464502,-802628764,2715,0:04:14.440000
408464455,-802628715,2714,0:04:14.480000
408464420,-802628634,2714,0:04:14.950000
408464385,-802628560,2714,0:04:14.950000
408464347,-802628484,2715,0:04:14.970000
408464313,-802628403,2715,0:04:14.980000
408464282,-802628319,2715,0:04:15.380000
408464250,-802628239,2715,0:04:15.390000
408464223,-802628147,2715,0:04:15.400000
408464199,-802628053,2714,0:04:15.410000
408464174,-802627962,2715,0:04:15.420000
408464141,-802627897,2713,0:04:15.870000
408464113,-802627806,2713,0:04:15.890000
408464102,-802627698,2714,0:04:15.900000
408464085,-802627593,2713,0:04:15.910000
408464065,-802627495,2713,0:04:15.920000
408464052,-802627385,2714,0:04:16.360000
408464038,-802627282,2714,0:04:16.370000
408464025,-802627170,2714,0:04:16.390000
408464012,-802627064,2715,0:04:16.410000
408464002,-802626950,2715,0:04:16.410000
408463971,-802626870,2713,0:04:16.850000
408463966,-802626750,2714,0:04:16.880000
408463959,-802626634,2714,0:04:16.890000
408463947,-802626522,2714,0:04:16.890000
408463941,-802626403,2714,0:04:16.899000
408463934,-802626287,2715,0:04:16.980000
408463925,-802626166,2715,0:04:17.079000
408463914,-802626047,2715,0:04:17.190000
408463903,-802625925,2715,0:04:17.290000
408463892,-802625804,2715,0:04:17.380000
408463860,-802625703,2715,0:04:17.480000
408463857,-802625578,2716,0:04:17.579000
408463846,-802625449,2716,0:04:17.680000
408463838,-802625324,2716,0:04:17.779000
408463830,-802625193,2716,0:04:17.880000
408463819,-802625067,2717,0:04:17.980000
408463809,-802624934,2717,0:04:18.079000
408463802,-802624805,2717,0:04:18.180000
408463790,-802624674,2717,0:04:18.279000
408463785,-802624542,2717,0:04:18.329000
408463750,-802624434,2718,0:04:18.430000
408463740,-802624298,2718,0:04:18.529000
408463734,-802624162,2719,0:04:18.630000
408463722,-802624031,2719,0:04:18.730000
408463713,-802623893,2719,0:04:18.829000
408463705,-802623754,2719,0:04:18.940000
408463695,-802623617,2720,0:04:19.130000
408463685,-802623481,2720,0:04:19.140000
408463674,-802623343,2720,0:04:19.240000
408463665,-802623203,2721,0:04:19.339000
408463639,-802623082,2721,0:04:19.440000
408463629,-802622935,2721,0:04:19.540000
408463619,-802622791,2721,0:04:19.640000
408463614,-802622650,2722,0:04:19.750000
408463604,-802622501,2722,0:04:19.850000
408463596,-802622357,2723,0:04:19.940000
408463590,-802622206,2723,0:04:20.040000
408463583,-802622060,2724,0:04:20.140000
408463567,-802621916,2723,0:04:20.240000
408463562,-802621762,2724,0:04:20.339000
408463527,-802621632,2724,0:04:20.450000
408463521,-802621482,2724,0:04:20.540000
408463515,-802621328,2724,0:04:20.640000
408463506,-802621174,2725,0:04:20.740000
408463498,-802621019,2725,0:04:20.839000
408463491,-802620863,2725,0:04:20.940000
408463482,-802620709,2725,0:04:21.040000
408463474,-802620550,2726,0:04:21.140000
408463466,-802620392,2726,0:04:21.240000
408463460,-802620233,2726,0:04:21.339000
408463428,-802620088,2726,0:04:21.440000
408463419,-802619927,2726,0:04:21.540000
408463411,-802619767,2726,0:04:21.640000
408463402,-802619610,2726,0:04:21.730000
408463399,-802619442,2727,0:04:21.829000
408463392,-802619281,2727,0:04:22.050000
408463386,-802619113,2728,0:04:22.060000
408463379,-802618948,2728,0:04:22.130000
408463372,-802618785,2728,0:04:22.230000
408463366,-802618617,2728,0:04:22.330000
408463348,-802618468,2729,0:04:22.430000
408463341,-802618298,2729,0:04:22.530000
408463336,-802618129,2730,0:04:22.630000
408463330,-802617961,2730,0:04:22.740000
408463325,-802617789,2730,0:04:22.830000
408463319,-802617620,2731,0:04:22.930000
408463312,-802617448,2731,0:04:23.030000
408463304,-802617276,2731,0:04:23.130000
408463304,-802617276,2731,0:04:23.230000
408463295,-802616926,2732,0:04:23.340000
408463278,-802616762,2732,0:04:23.440000
408463275,-802616585,2733,0:04:23.540000
408463271,-802616409,2733,0:04:23.630000
408463267,-802616229,2733,0:04:23.730000
408463260,-802616054,2733,0:04:23.830000
408463256,-802615872,2734,0:04:23.930000
408463252,-802615694,2734,0:04:24.030000
408463247,-802615515,2734,0:04:24.130000
408463241,-802615336,2734,0:04:24.230000
408463239,-802615153,2735,0:04:24.710000
408463227,-802614981,2734,0:04:24.720000
408463222,-802614794,2735,0:04:24.740000
408463222,-802614794,2735,0:04:24.750000
408463213,-802614425,2735,0:04:24.750000
408463210,-802614237,2735,0:04:25.190000
408463208,-802614054,2736,0:04:25.190000
408463205,-802613865,2736,0:04:25.210000
408463205,-802613865,2736,0:04:25.220000
408463200,-802613678,2737,0:04:25.230000
408463197,-802613489,2737,0:04:25.670000
408463190,-802613122,2737,0:04:25.690000
408463187,-802612932,2738,0:04:25.690000
408463185,-802612744,2738,0:04:25.710000
408463184,-802612549,2738,0:04:25.730000
408463181,-802612363,2738,0:04:26.170000
408463179,-802612169,2739,0:04:26.170000
408463177,-802611979,2739,0:04:26.170000
408463177,-802611979,2739,0:04:26.180000
408463175,-802611784,2739,0:04:26.230000
408463168,-802611215,2740,0:04:26.660000
408463168,-802611215,2740,0:04:26.660000
408463164,-802610431,2742,0:04:27.140000
408463163,-802610235,2742,0:04:27.140000
408463153,-802608848,2743,0:04:28.130000
408463921,-802595142,2777,0:25:13.470000
408463918,-802595975,2776,0:25:13.960000
408463920,-802596391,2776,0:25:13.960000
408463921,-802598447,2775,0:25:14.940000
408463924,-802598653,2775,0:25:14.940000
408463925,-802598855,2774,0:25:14.950000
408463924,-802599058,2774,0:25:15.430000
408463929,-802599866,2773,0:25:15.460000
408463936,-802600268,2773,0:25:15.920000
408463940,-802600474,2773,0:25:15.930000
408463940,-802600677,2773,0:25:15.930000
408463941,-802601088,2773,0:25:16.410000
408463943,-802601283,2773,0:25:16.410000
408463944,-802601489,2773,0:25:16.420000
408463945,-802601691,2772,0:25:16.440000
408463948,-802601892,2772,0:25:16.450000
408463949,-802602092,2772,0:25:16.900000
408463954,-802602502,2772,0:25:16.910000
408463958,-802602703,2772,0:25:16.920000
408463959,-802602906,2772,0:25:16.950000
408463964,-802603108,2772,0:25:17.050000
408463963,-802603309,2771,0:25:17.140000
408463969,-802603514,2771,0:25:17.250000
408463975,-802603714,2771,0:25:17.470000
408463982,-802604314,2771,0:25:17.770000
408463987,-802604517,2771,0:25:17.850000
408463996,-802605116,2770,0:25:18.070000
408463996,-802605116,2770,0:25:18.140000
408464010,-802605918,2769,0:25:18.570000
408464013,-802606114,2769,0:25:18.660000
408464015,-802606316,2768,0:25:18.760000
408464022,-802606517,2769,0:25:18.860000
408464027,-802606713,2769,0:25:18.940000
408464031,-802606915,2768,0:25:19.050000
408464035,-802607113,2768,0:25:19.140000
408464041,-802607314,2768,0:25:19.240000
408464046,-802607512,2768,0:25:19.340000
408464051,-802607715,2768,0:25:19.450000
408464058,-802607908,2768,0:25:19.540000
408464063,-802608108,2767,0:25:19.650000
408464068,-802608307,2767,0:25:19.750000
408464073,-802608507,2766,0:25:19.850000
408464080,-802608705,2766,0:25:19.950000
408464086,-802608900,2766,0:25:20.050000
408464093,-802609098,2766,0:25:20.150000
408464101,-802609292,2766,0:25:20.170000
408464104,-802609490,2765,0:25:20.270000
408464110,-802609685,2764,0:25:20.370000
408464124,-802610075,2763,0:25:20.600000
408464131,-802610269,2764,0:25:20.670000
408464136,-802610464,2763,0:25:20.770000
408464144,-802610658,2763,0:25:20.870000
408464148,-802610855,2763,0:25:20.980000
408464159,-802611044,2763,0:25:21.070000
408464164,-802611243,2762,0:25:21.170000
408464171,-802611434,2762,0:25:21.280000
408464180,-802611627,2762,0:25:21.380000
408464192,-802611809,2760,0:25:21.480000
408464197,-802612002,2760,0:25:21.580000
408464205,-802612193,2759,0:25:21.680000
408464212,-802612386,2759,0:25:21.790000
408464216,-802612575,2759,0:25:21.880000
408464225,-802612769,2758,0:25:21.980000
408464232,-802612960,2757,0:25:22.080000
408464239,-802613149,2757,0:25:22.180000
408464249,-802613341,2757,0:25:22.280000
408464261,-802613525,2757,0:25:22.380000
408464266,-802613710,2756,0:25:22.480000
408464275,-802613897,2756,0:25:22.590000
408464284,-802614090,2756,0:25:22.680000
408464292,-802614276,2755,0:25:22.780000
408464299,-802614463,2755,0:25:22.880000
408464310,-802614646,2755,0:25:22.980000
408464317,-802614831,2755,0:25:23.080000
408464327,-802615013,2755,0:25:23.180000
408464338,-802615196,2754,0:25:23.280000
408464344,-802615375,2754,0:25:23.380000
408464360,-802615543,2753,0:25:23.480000
408464368,-802615720,2753,0:25:23.580000
408464377,-802615895,2752,0:25:23.680000
408464390,-802616072,2752,0:25:23.780000
408464396,-802616241,2752,0:25:23.880000
408464408,-802616418,2752,0:25:23.980000
408464418,-802616592,2752,0:25:24.090000
408464423,-802616763,2751,0:25:24.190000
408464436,-802616933,2751,0:25:24.290000
408464442,-802617103,2751,0:25:24.390000
408464449,-802617271,2750,0:25:24.490000
408464457,-802617430,2749,0:25:24.560000
408464465,-802617597,2749,0:25:24.660000
408464474,-802617758,2748,0:25:24.760000
408464484,-802617923,2748,0:25:24.860000
408464491,-802618084,2748,0:25:24.970000
408464501,-802618244,2748,0:25:25.060000
408464508,-802618406,2748,0:25:25.160000
408464519,-802618562,2748,0:25:25.260000
408464528,-802618716,2747,0:25:25.370000
408464540,-802618869,2747,0:25:25.460000
408464548,-802619025,2747,0:25:25.560000
408464555,-802619177,2747,0:25:25.660000
408464564,-802619336,2746,0:25:25.760000
408464571,-802619495,2746,0:25:25.870000
408464580,-802619645,2746,0:25:25.960000
408464588,-802619805,2745,0:25:26.060000
408464594,-802619958,2745,0:25:26.160000
408464605,-802620112,2745,0:25:26.260000
408464615,-802620265,2745,0:25:26.370000
408464628,-802620419,2744,0:25:26.470000
408464636,-802620570,2744,0:25:26.560000
408464645,-802620723,2744,0:25:26.660000
408464655,-802620877,2744,0:25:26.770000
408464666,-802621027,2744,0:25:26.860000
408464672,-802621184,2744,0:25:26.960000
408464681,-802621333,2744,0:25:27.060000
408464687,-802621488,2743,0:25:27.160000
408464699,-802621632,2743,0:25:27.270000
408464708,-802621777,2742,0:25:27.360000
408464719,-802621921,2743,0:25:27.460000
408464727,-802622067,2743,0:25:27.570000
408464735,-802622205,2743,0:25:27.670000
408464743,-802622346,2743,0:25:27.780000
408464753,-802622488,2743,0:25:27.870000
408464759,-802622622,2742,0:25:27.980000
408464770,-802622764,2742,0:25:28.080000
408464780,-802622894,2742,0:25:28.180000
408464786,-802623032,2742,0:25:28.280000
408464795,-802623170,2741,0:25:28.360000
408464804,-802623296,2741,0:25:28.460000
408464812,-802623426,2741,0:25:28.560000
408464818,-802623556,2740,0:25:28.660000
408464826,-802623690,2740,0:25:28.770000
408464833,-802623817,2740,0:25:28.860000
408464841,-802623943,2740,0:25:28.960000
408464847,-802624069,2739,0:25:29.060000
408464855,-802624191,2739,0:25:29.160000
408464861,-802624316,2738,0:25:29.260000
408464870,-802624440,2739,0:25:29.360000
408464877,-802624561,2738,0:25:29.480000
408464887,-802624672,2738,0:25:29.560000
408464891,-802624791,2738,0:25:29.670000
408464899,-802624900,2738,0:25:29.760000
408464905,-802625009,2738,0:25:29.860000
408464913,-802625116,2738,0:25:29.960000
408464921,-802625220,2737,0:25:30.060000
408464924,-802625322,2737,0:25:30.160000
408464930,-802625422,2737,0:25:30.260000
408464938,-802625522,2737,0:25:30.360000
408464944,-802625612,2737,0:25:30.470000
408464953,-802625704,2737,0:25:30.560000
408464958,-802625793,2737,0:25:30.670000
408464961,-802625876,2737,0:25:30.760000
408464965,-802625962,2737,0:25:30.870000
408464974,-802626047,2737,0:25:30.960000
408464976,-802626129,2736,0:25:31.060000
408464981,-802626212,2736,0:25:31.160000
408464986,-802626290,2736,0:25:31.260000
408464995,-802626364,2737,0:25:31.360000
408465001,-802626439,2736,0:25:31.470000
408465006,-802626513,2736,0:25:31.560000
408465017,-802626573,2736,0:25:31.670000
408465025,-802626646,2736,0:25:31.760000
408465032,-802626712,2736,0:25:31.870000
408465043,-802626778,2736,0:25:31.970000
408465051,-802626841,2736,0:25:32.010000
408465062,-802626904,2736,0:25:32.110000
408465075,-802626971,2736,0:25:32.210000
408465092,-802627037,2736,0:25:32.310000
408465112,-802627109,2735,0:25:32.410000
408465128,-802627168,2735,0:25:32.510000
408465149,-802627230,2735,0:25:32.610000
408465168,-802627293,2734,0:25:32.710000
408465195,-802627354,2734,0:25:32.810000
408465216,-802627412,2734,0:25:32.910000
408465216,-802627412,2734,0:25:33.020000
408465269,-802627526,2733,0:25:33.110000
408465301,-802627584,2732,0:25:33.210000
408465301,-802627584,2732,0:25:33.310000
408465328,-802627641,2732,0:25:33.410000
408465400,-802627741,2732,0:25:33.510000
408465437,-802627787,2732,0:25:33.610000
408465479,-802627829,2732,0:25:33.710000
408465511,-802627877,2731,0:25:33.810000
408465553,-802627917,2731,0:25:33.910000
408465597,-802627952,2731,0:25:34.020000
408465644,-802627978,2730,0:25:34.120000
408465686,-802628006,2729,0:25:34.220000
408465732,-802628028,2729,0:25:34.320000
408465732,-802628028,2729,0:25:34.430000
408465823,-802628071,2729,0:25:34.510000
408465877,-802628080,2730,0:25:34.610000
408465925,-802628091,2729,0:25:34.710000
408465925,-802628091,2729,0:25:34.810000
408466020,-802628110,2729,0:25:34.910000
408466020,-802628110,2729,0:25:35.010000
408466070,-802628101,2728,0:25:35.110000
408466119,-802628095,2728,0:25:35.210000
408466168,-802628093,2728,0:25:35.310000
408466214,-802628063,2729,0:25:35.410000
408466254,-802628051,2729,0:25:35.510000
408466296,-802628019,2730,0:25:35.610000
408466348,-802628002,2730,0:25:35.710000
408466391,-802627976,2730,0:25:35.810000
408466436,-802627948,2729,0:25:35.910000
408466477,-802627913,2729,0:25:36.010000
408466521,-802627884,2729,0:25:36.110000
408466563,-802627848,2729,0:25:36.210000
408466606,-802627808,2728,0:25:36.310000
408466649,-802627769,2729,0:25:36.410000
408466688,-802627749,2730,0:25:36.510000
408466732,-802627699,2731,0:25:36.610000
408466778,-802627657,2730,0:25:36.710000
408466818,-802627612,2730,0:25:36.810000
408466861,-802627558,2730,0:25:36.910000
408466908,-802627513,2731,0:25:37.010000
408466955,-802627465,2731,0:25:37.110000
408467005,-802627409,2731,0:25:37.210000
408467051,-802627359,2730,0:25:37.310000
408467098,-802627309,2730,0:25:37.410000
408467142,-802627267,2730,0:25:37.510000
408467191,-802627203,2730,0:25:37.610000
408467237,-802627150,2731,0:25:37.710000
408467342,-802627030,2730,0:25:37.810000
408467390,-802626975,2731,0:25:37.910000
408467390,-802626975,2731,0:25:38.010000
408467441,-802626912,2731,0:25:38.110000
408467496,-802626850,2731,0:25:38.210000
408467549,-802626790,2732,0:25:38.330000
408467602,-802626728,2732,0:25:38.420000
408467658,-802626679,2733,0:25:38.520000
408467715,-802626607,2732,0:25:38.620000
408467766,-802626548,2732,0:25:38.730000
408467816,-802626483,2732,0:25:38.830000
408467871,-802626421,2733,0:25:38.910000
408467978,-802626293,2733,0:25:39.010000
408467978,-802626293,2733,0:25:39.110000
408468032,-802626231,2733,0:25:39.210000
408468139,-802626104,2733,0:25:39.310000
408468139,-802626104,2733,0:25:39.410000
408468242,-802625982,2733,0:25:39.510000
408468291,-802625923,2733,0:25:39.610000
408468345,-802625857,2733,0:25:39.710000
408468398,-802625795,2734,0:25:39.810000
408468448,-802625737,2734,0:25:39.910000
408468496,-802625679,2734,0:25:40.010000
408468546,-802625620,2734,0:25:40.110000
408468588,-802625566,2734,0:25:40.210000
408468636,-802625509,2734,0:25:40.310000
408468678,-802625462,2734,0:25:40.420000
408468718,-802625408,2734,0:25:40.510000
408468761,-802625355,2734,0:25:40.610000
408468796,-802625305,2734,0:25:40.710000
408468831,-802625255,2734,0:25:40.810000
408468872,-802625205,2734,0:25:40.910000
408468901,-802625153,2735,0:25:41.010000
408468937,-802625104,2735,0:25:41.110000
408468969,-802625052,2735,0:25:41.210000
408468995,-802625002,2735,0:25:41.310000
408469023,-802624945,2735,0:25:41.410000
408469046,-802624896,2735,0:25:41.510000
408469071,-802624851,2735,0:25:41.610000
408469090,-802624790,2736,0:25:41.910000
408469111,-802624739,2736,0:25:41.920000
408469134,-802624684,2735,0:25:41.940000
408469150,-802624628,2736,0:25:42.400000
408469168,-802624571,2736,0:25:42.420000
408469182,-802624516,2736,0:25:42.430000
408469196,-802624459,2736,0:25:42.450000
408469209,-802624409,2736,0:25:42.460000
408469222,-802624351,2736,0:25:42.890000
408469222,-802624297,2736,0:25:42.900000
408469224,-802624241,2736,0:25:42.920000
408469228,-802624181,2736,0:25:42.930000
408469228,-802624125,2736,0:25:42.940000
408469226,-802624069,2736,0:25:43.380000
408469220,-802624010,2736,0:25:43.380000
408469213,-802623950,2736,0:25:43.410000
408469208,-802623891,2737,0:25:43.410000
408469197,-802623855,2736,0:25:43.420000
408469182,-802623794,2736,0:25:43.880000
408469174,-802623737,2737,0:25:43.890000
408469154,-802623686,2736,0:25:43.910000
408469135,-802623628,2736,0:25:43.920000
408469118,-802623574,2736,0:25:43.920000
408469096,-802623519,2735,0:25:44.360000
408469076,-802623459,2735,0:25:44.370000
408469076,-802623459,2735,0:25:44.390000
408469051,-802623404,2736,0:25:44.400000
408469027,-802623347,2736,0:25:44.410000
408469011,-802623307,2735,0:25:44.850000
408468983,-802623247,2735,0:25:44.860000
408468954,-802623191,2735,0:25:44.880000
408468931,-802623137,2735,0:25:44.890000
408468907,-802623080,2735,0:25:44.910000
408468883,-802623024,2735,0:25:45.330000
408468859,-802622961,2735,0:25:45.340000
408468834,-802622904,2735,0:25:45.350000
408468811,-802622843,2735,0:25:45.360000
408468789,-802622777,2736,0:25:45.810000
408468769,-802622725,2735,0:25:45.820000
408468744,-802622665,2736,0:25:45.830000
408468726,-802622599,2735,0:25:45.840000
408468709,-802622539,2736,0:25:45.850000
408468686,-802622474,2736,0:25:46.320000
408468674,-802622415,2736,0:25:46.330000
408468655,-802622347,2737,0:25:46.340000
408468637,-802622282,2737,0:25:46.360000
408468625,-802622215,2737,0:25:46.360000
408468609,-802622150,2737,0:25:46.820000
408468591,-802622098,2737,0:25:46.820000
408468580,-802622030,2737,0:25:46.840000
408468575,-802621964,2737,0:25:46.860000
408468563,-802621894,2738,0:25:46.860000
408468556,-802621826,2738,0:25:47.290000
408468549,-802621758,2738,0:25:47.300000
408468543,-802621691,2739,0:25:47.310000
408468538,-802621623,2739,0:25:47.330000
408468535,-802621555,2739,0:25:47.340000
408468532,-802621488,2739,0:25:47.410000
408468519,-802621429,2738,0:25:47.510000
408468514,-802621362,2739,0:25:47.610000
408468510,-802621292,2739,0:25:47.710000
408468506,-802621225,2739,0:25:47.810000
408468503,-802621157,2740,0:25:47.910000
408468502,-802621093,2741,0:25:48.010000
408468503,-802621024,2741,0:25:48.110000
408468500,-802620959,2741,0:25:48.210000
408468500,-802620892,2742,0:25:48.310000
408468500,-802620829,2742,0:25:48.410000
408468494,-802620774,2741,0:25:48.510000
408468494,-802620706,2742,0:25:48.610000
408468496,-802620646,2742,0:25:48.710000
408468500,-802620581,2742,0:25:48.810000
408468505,-802620520,2742,0:25:48.910000
408468507,-802620457,2742,0:25:49.010000
408468513,-802620395,2743,0:25:49.110000
408468521,-802620336,2743,0:25:49.210000
408468530,-802620274,2743,0:25:49.310000
408468542,-802620217,2743,0:25:49.410000
408468543,-802620171,2743,0:25:49.510000
408468556,-802620113,2743,0:25:49.610000
408468573,-802620058,2743,0:25:49.710000
408468591,-802620005,2743,0:25:49.810000
408468609,-802619948,2743,0:25:49.910000
408468627,-802619896,2743,0:25:50.010000
408468654,-802619851,2743,0:25:50.110000
408468674,-802619797,2743,0:25:50.210000
408468700,-802619753,2743,0:25:50.310000
408468725,-802619709,2744,0:25:50.410000
408468751,-802619674,2744,0:25:50.440000
408468783,-802619636,2744,0:25:50.540000
408468814,-802619597,2744,0:25:50.640000
408468846,-802619567,2744,0:25:50.740000
408468879,-802619529,2744,0:25:50.840000
408468912,-802619503,2744,0:25:50.940000
408468947,-802619475,2744,0:25:51.140000
408468980,-802619446,2745,0:25:51.150000
408469020,-802619422,2745,0:25:51.250000
408469056,-802619400,2745,0:25:51.350000
408469084,-802619376,2746,0:25:51.440000
408469127,-802619366,2745,0:25:51.540000
408469165,-802619352,2745,0:25:51.640000
408469207,-802619339,2746,0:25:51.740000
408469247,-802619329,2746,0:25:51.850000
408469287,-802619320,2745,0:25:51.940000
408469328,-802619310,2745,0:25:52.040000
408469369,-802619303,2746,0:25:52.140000
408469408,-802619299,2746,0:25:52.240000
408469449,-802619294,2746,0:25:52.350000
408469481,-802619280,2746,0:25:52.450000
408469524,-802619282,2746,0:25:52.550000
408469566,-802619284,2746,0:25:52.650000
408469608,-802619282,2746,0:25:52.760000
408469648,-802619284,2746,0:25:52.860000
408469689,-802619283,2747,0:25:52.930000
408469737,-802619294,2746,0:25:53.030000
408469775,-802619286,2747,0:25:53.130000
408469819,-802619300,2747,0:25:53.230000
408469862,-802619305,2747,0:25:53.340000
408469897,-802619293,2747,0:25:53.430000
408469941,-802619303,2748,0:25:53.530000
408469983,-802619313,2747,0:25:53.630000
408470025,-802619319,2747,0:25:53.730000
408470065,-802619321,2747,0:25:53.840000
408470106,-802619330,2747,0:25:53.930000
408470146,-802619335,2747,0:25:54.030000
408470187,-802619339,2747,0:25:54.130000
408470229,-802619343,2747,0:25:54.230000
408470269,-802619347,2748,0:25:54.330000
408470306,-802619343,2748,0:25:54.430000
408470346,-802619346,2748,0:25:54.530000
408470384,-802619351,2748,0:25:54.630000
408470423,-802619353,2748,0:25:54.730000
408470458,-802619350,2748,0:25:54.830000
408470495,-802619340,2748,0:25:54.940000
408470528,-802619331,2748,0:25:55.030000
408470560,-802619321,2748,0:25:55.110000
408470597,-802619314,2748,0:25:55.220000
408470628,-802619296,2749,0:25:55.310000
408470648,-802619285,2748,0:25:55.420000
408470677,-802619263,2748,0:25:55.520000
408470704,-802619237,2748,0:25:55.620000
408470730,-802619215,2748,0:25:55.710000
408470752,-802619198,2748,0:25:55.810000
408470774,-802619174,2747,0:25:55.910000
408470789,-802619143,2748,0:25:56.010000
408470805,-802619117,2749,0:25:56.110000
408470819,-802619083,2749,0:25:56.210000
408470832,-802619049,2749,0:25:56.310000
408470845,-802619023,2749,0:25:56.410000
408470856,-802618999,2749,0:25:56.510000
408470857,-802618969,2749,0:25:56.610000
408470864,-802618947,2750,0:25:56.710000
408470864,-802618926,2750,0:25:56.810000
408470864,-802618897,2751,0:25:56.910000
408470866,-802618880,2751,0:25:57.010000
408470873,-802618865,2750,0:25:57.110000
408470873,-802618848,2750,0:25:57.210000
408470875,-802618832,2750,0:25:57.310000
408470875,-802618832,2750,0:25:57.410000
408470881,-802618830,2750,0:25:57.570000
408470877,-802618806,2750,0:25:57.610000
408470877,-802618806,2750,0:25:57.710000
408470878,-802618793,2750,0:25:57.810000
408470879,-802618779,2750,0:25:57.910000
408470881,-802618762,2750,0:25:58.010000
408470883,-802618752,2749,0:25:58.110000
408470886,-802618733,2749,0:25:58.210000
408470887,-802618717,2749,0:25:58.310000
408470887,-802618707,2749,0:25:58.410000
408470883,-802618683,2748,0:25:58.510000
408470888,-802618672,2747,0:25:58.610000
408470885,-802618655,2748,0:25:58.710000
408470885,-802618655,2748,0:25:58.820000
408470888,-802618641,2748,0:25:58.910000
408470889,-802618627,2748,0:25:59.010000
408470892,-802618621,2748,0:25:59.110000
408470890,-802618610,2748,0:25:59.210000
408470890,-802618602,2748,0:25:59.310000
408470890,-802618595,2747,0:25:59.410000
408470890,-802618595,2747,0:25:59.520000
408470890,-802618592,2747,0:25:59.620000
408470891,-802618585,2747,0:25:59.720000
408470890,-802618583,2747,0:25:59.820000
408470890,-802618577,2747,0:25:59.920000
408470892,-802618573,2747,0:26:00.020000
408470892,-802618573,2747,0:26:00.110000
408470892,-802618571,2747,0:26:00.210000
408470893,-802618570,2747,0:26:00.310000
408470891,-802618569,2746,0:26:00.410000
408470891,-802618569,2746,0:26:00.490000
408470890,-802618572,2747,0:26:00.590000
408470890,-802618571,2746,0:26:00.690000
408470890,-802618573,2746,0:26:00.790000
408470892,-802618570,2747,0:26:00.890000
408470891,-802618571,2746,0:26:00.990000
408470891,-802618571,2746,0:26:01.090000
408470891,-802618569,2747,0:26:01.190000
408470891,-802618570,2747,0:26:01.290000
408470892,-802618580,2745,0:26:01.390000
408470892,-802618580,2745,0:26:01.500000
408470892,-802618580,2745,0:26:01.590000
408470892,-802618580,2745,0:26:01.700000
408470892,-802618580,2745,0:26:01.800000
408470892,-802618580,2745,0:26:01.900000
408470892,-802618580,2745,0:26:02
408470892,-802618580,2745,0:26:02.100000
408470892,-802618580,2745,0:26:02.200000
408470892,-802618580,2745,0:26:02.300000
408470892,-802618580,2745,0:26:02.400000
408470891,-802618580,2745,0:26:02.500000
408470891,-802618580,2745,0:26:02.600000
408470891,-802618580,2745,0:26:02.700000
408470891,-802618580,2745,0:26:02.800000
408470891,-802618580,2745,0:26:02.900000
408470891,-802618580,2745,0:26:03
