lat,long,elev
408649055,-778305458,3480
408649055,-778305458,3480
408649055,-778305458,3480
408649055,-778305458,3480
408649055,-778305458,3480
408649055,-778305458,3480
408649055,-778305458,3480
408649055,-778305458,3480
408649055,-778305458,3480
408649055,-778305458,3480
408649055,-778305458,3479
408649055,-778305458,3479
408649055,-778305458,3479
408649055,-778305458,3479
408649055,-778305458,3479
408649055,-778305458,3479
408649055,-778305458,3479
408649054,-778305458,3479
408649054,-778305458,3479
408649054,-778305458,3479
408649054,-778305457,3479
408649054,-778305457,3479
408649054,-778305457,3479
408649054,-778305457,3479
408649054,-778305457,3479
408649054,-778305457,3479
408649054,-778305457,3479
408649054,-778305457,3479
408649054,-778305457,3479
408649054,-778305457,3479
408649053,-778305456,3479
408649053,-778305456,3479
408649053,-778305456,3479
408649053,-778305456,3479
408649053,-778305456,3479
408649053,-778305456,3479
408649053,-778305456,3479
408649053,-778305456,3479
408649053,-778305456,3479
408649053,-778305456,3479
408649053,-778305455,3479
408649053,-778305455,3479
408649053,-778305455,3479
408649053,-778305455,3479
408649053,-778305455,3479
408649053,-778305455,3479
408649053,-778305455,3479
408649053,-778305455,3479
408649053,-778305455,3479
408649053,-778305455,3479
408649052,-778305455,3479
408649052,-778305455,3479
408649052,-778305455,3479
408649052,-778305455,3479
408649052,-778305455,3479
408649052,-778305455,3479
408649052,-778305455,3479
408649052,-778305455,3479
408649052,-778305455,3479
408649052,-778305455,3479
408649053,-778305454,3479
408649053,-778305454,3479
408649053,-778305454,3479
408649053,-778305454,3479
408649053,-778305454,3479
408649053,-778305454,3479
408649053,-778305454,3479
408649053,-778305454,3479
408649053,-778305454,3479
408649053,-778305454,3479
408649053,-778305453,3479
408649053,-778305453,3479
408649053,-778305453,3479
408649053,-778305453,3479
408649053,-778305453,3479
408649053,-778305453,3479
408649053,-778305453,3479
408649053,-778305453,3479
408649053,-778305453,3479
408649053,-778305453,3479
408649053,-778305453,3479
408649053,-778305453,3479
408649053,-778305453,3479
408649053,-778305453,3479
408649053,-778305453,3479
408649053,-778305453,3479
408649053,-778305453,3479
408649053,-778305453,3479
408649053,-778305453,3479
408649053,-778305453,3479
408649052,-778305454,3478
408649052,-778305454,3478
408649052,-778305454,3478
408649052,-778305454,3478
408649052,-778305454,3478
408649052,-778305454,3478
408649052,-778305454,3478
408649052,-778305454,3478
408649052,-778305454,3478
408649052,-778305454,3478
408649051,-778305454,3478
408649051,-778305454,3478
408649051,-778305454,3478
408649051,-778305454,3478
408649051,-778305454,3478
408649051,-778305454,3478
408649051,-778305454,3478
408649051,-778305454,3478
408649051,-778305454,3478
408649051,-778305454,3478
408649051,-778305454,3478
408649051,-778305454,3478
408649051,-778305454,3478
408649050,-778305454,3478
408649050,-778305454,3478
408649050,-778305454,3478
408649050,-778305454,3478
408649050,-778305454,3478
408649050,-778305454,3478
408649050,-778305454,3478
408649050,-778305454,3478
408649049,-778305454,3477
408649049,-778305454,3477
408649049,-778305454,3477
408649049,-778305454,3477
408649049,-778305454,3477
408649049,-778305454,3477
408649049,-778305454,3477
408649049,-778305454,3477
408649049,-778305454,3477
408649049,-778305454,3477
408649048,-778305454,3477
408649048,-778305454,3477
408649048,-778305454,3477
408649048,-778305454,3477
408649048,-778305454,3477
408649048,-778305454,3477
408649048,-778305454,3477
408649048,-778305454,3477
408649048,-778305454,3477
408649048,-778305454,3477
408649047,-778305454,3476
408649047,-778305454,3476
408649047,-778305454,3476
408649047,-778305454,3476
408649047,-778305454,3476
408649047,-778305454,3476
408649047,-778305454,3476
408649047,-778305454,3476
408649047,-778305454,3476
408649047,-778305454,3476
408649045,-778305454,3475
408649045,-778305454,3475
408649045,-778305454,3475
408649045,-778305454,3475
408649045,-778305454,3475
408649045,-778305454,3475
408649045,-778305454,3475
408649045,-778305454,3475
408649045,-778305454,3475
408649045,-778305454,3475
408649043,-778305453,3475
408649043,-778305453,3475
408649043,-778305453,3475
408649043,-778305453,3475
408649043,-778305453,3475
408649043,-778305453,3475
408649043,-778305453,3475
408649043,-778305453,3475
408649043,-778305453,3475
408649043,-778305453,3475
408649042,-778305454,3474
408649042,-778305454,3474
408649042,-778305454,3474
408649042,-778305454,3474
408649042,-778305454,3474
408649042,-778305454,3474
408649042,-778305454,3474
408649042,-778305454,3474
408649042,-778305454,3474
408649042,-778305454,3474
408649042,-778305454,3473
408649042,-778305454,3473
408649042,-778305454,3473
408649042,-778305454,3473
408649042,-778305454,3473
408649042,-778305454,3473
408649042,-778305454,3473
408649042,-778305454,3473
408649042,-778305454,3473
408649042,-778305454,3473
408649042,-778305454,3473
408649042,-778305454,3473
408649042,-778305454,3473
408649042,-778305454,3473
408649042,-778305454,3473
408649042,-778305454,3473
408649042,-778305454,3473
408649042,-778305454,3473
408649042,-778305454,3473
408649042,-778305454,3473
408649043,-778305455,3473
408649043,-778305455,3473
408649043,-778305455,3473
408649043,-778305455,3473
408649043,-778305455,3473
408649043,-778305455,3473
408649043,-778305455,3473
408649043,-778305455,3473
408649043,-778305455,3473
408649043,-778305455,3473
408649043,-778305456,3473
408649043,-778305456,3473
408649043,-778305456,3473
408649043,-778305456,3473
408649043,-778305456,3473
408649043,-778305456,3473
408649043,-778305456,3473
408649043,-778305456,3473
408649043,-778305456,3473
408649043,-778305456,3473
408649044,-778305456,3473
408649044,-778305456,3473
408649044,-778305456,3473
408649044,-778305456,3473
408649044,-778305456,3473
408649044,-778305456,3473
408649044,-778305456,3473
408649044,-778305456,3473
408649044,-778305456,3473
408649044,-778305456,3473
408649044,-778305457,3473
408649044,-778305457,3473
408649044,-778305457,3473
408649044,-778305457,3473
408649044,-778305457,3473
408649044,-778305457,3473
408649044,-778305457,3473
408649044,-778305457,3473
408649044,-778305457,3473
408649044,-778305457,3473
408649044,-778305456,3473
408649044,-778305456,3473
408649044,-778305456,3473
408649044,-778305456,3473
408649044,-778305456,3473
408649044,-778305456,3473
408649044,-778305456,3473
408649044,-778305456,3473
408649044,-778305456,3473
408649044,-778305456,3473
408649044,-778305457,3473
408649044,-778305457,3473
408649044,-778305457,3473
408649044,-778305457,3473
408649044,-778305457,3473
408649044,-778305457,3473
408649044,-778305457,3473
408649044,-778305457,3473
408649044,-778305457,3473
408649044,-778305457,3473
408649045,-778305456,3473
408649045,-778305456,3473
408649045,-778305456,3473
408649045,-778305456,3473
408649045,-778305456,3473
408649045,-778305456,3473
408649045,-778305456,3473
408649045,-778305456,3473
408649045,-778305456,3473
408649045,-778305456,3473
408649045,-778305457,3473
408649045,-778305457,3473
408649045,-778305457,3473
408649045,-778305457,3473
408649045,-778305457,3473
408649045,-778305457,3473
408649045,-778305457,3473
408649045,-778305457,3473
408649045,-778305457,3473
408649045,-778305457,3473
408649044,-778305456,3473
408649044,-778305456,3473
408649044,-778305456,3473
408649044,-778305456,3473
408649044,-778305456,3473
408649044,-778305456,3473
408649044,-778305456,3473
408649044,-778305456,3473
408649044,-778305456,3473
408649044,-778305456,3473
408649044,-778305456,3473
408649044,-778305456,3473
408649044,-778305456,3473
408649044,-778305456,3473
408649044,-778305456,3473
408649044,-778305456,3473
408649044,-778305456,3473
408649044,-778305456,3473
408649044,-778305456,3473
408649044,-778305456,3473
408649043,-778305456,3473
408649043,-778305456,3473
408649043,-778305456,3473
408649043,-778305456,3473
408649043,-778305456,3473
408649043,-778305456,3473
408649043,-778305456,3473
408649043,-778305456,3473
408649043,-778305456,3473
408649043,-778305456,3473
408649041,-778305455,3473
408649041,-778305455,3473
408649041,-778305455,3473
408649041,-778305455,3473
408649041,-778305455,3473
408649041,-778305455,3473
408649041,-778305455,3473
408649041,-778305455,3473
408649041,-778305455,3473
408649041,-778305455,3473
408649039,-778305454,3473
408649039,-778305454,3473
408649039,-778305454,3473
408649039,-778305454,3473
408649039,-778305454,3473
408649039,-778305454,3473
408649039,-778305454,3473
408649039,-778305454,3473
408649039,-778305454,3473
408649039,-778305454,3473
408649037,-778305453,3473
408649037,-778305453,3473
408649037,-778305453,3473
408649037,-778305453,3473
408649037,-778305453,3473
408649037,-778305453,3473
408649037,-778305453,3473
408649037,-778305453,3473
408649037,-778305453,3473
408649037,-778305453,3473
408649036,-778305451,3472
408649036,-778305451,3472
408649036,-778305451,3472
408649036,-778305451,3472
408649036,-778305451,3472
408649036,-778305451,3472
408649036,-778305451,3472
408649036,-778305451,3472
408649036,-778305451,3472
408649036,-778305451,3472
408649035,-778305450,3472
408649035,-778305450,3472
408649035,-778305450,3472
408649035,-778305450,3472
408649035,-778305450,3472
408649035,-778305450,3472
408649035,-778305450,3472
408649035,-778305450,3472
408649035,-778305450,3472
408649035,-778305450,3472
408649034,-778305450,3472
408649034,-778305450,3472
408649034,-778305450,3472
408649034,-778305450,3472
408649034,-778305450,3472
408649034,-778305450,3472
408649034,-778305450,3472
408649034,-778305450,3472
408649034,-778305450,3472
408649034,-778305450,3472
408649033,-778305449,3472
408649033,-778305449,3472
408649033,-778305449,3472
408649033,-778305449,3472
408649033,-778305449,3472
408649033,-778305449,3472
408649033,-778305449,3472
408649033,-778305449,3472
408649033,-778305449,3472
408649033,-778305449,3472
408649034,-778305449,3472
408649034,-778305449,3472
408649034,-778305449,3472
408649034,-778305449,3472
408649034,-778305449,3472
408649034,-778305449,3472
408649034,-778305449,3472
408649034,-778305449,3472
408649034,-778305449,3472
408649034,-778305449,3472
408649034,-778305449,3473
408649034,-778305449,3473
408649034,-778305449,3473
408649034,-778305449,3473
408649034,-778305449,3473
408649034,-778305449,3473
408649034,-778305449,3473
408649034,-778305449,3473
408649034,-778305449,3473
408649034,-778305449,3473
408649034,-778305449,3473
408649035,-778305448,3473
408649035,-778305448,3473
408649035,-778305448,3473
408649035,-778305448,3473
408649035,-778305448,3473
408649035,-778305448,3473
408649035,-778305448,3473
408649035,-778305448,3473
408649035,-778305448,3473
408649034,-778305448,3473
408649034,-778305448,3473
408649034,-778305448,3473
408649034,-778305448,3473
408649034,-778305448,3473
408649034,-778305448,3473
408649034,-778305448,3473
408649034,-778305448,3473
408649034,-778305448,3473
408649034,-778305448,3473
408649034,-778305448,3473
408649034,-778305449,3473
408649034,-778305449,3473
408649034,-778305449,3473
408649034,-778305449,3473
408649034,-778305449,3473
408649034,-778305449,3473
408649034,-778305449,3473
408649034,-778305449,3473
408649034,-778305449,3473
408649034,-778305449,3473
408648980,-778305405,3466
408648986,-778305400,3466
408648998,-778305399,3466
408649007,-778305397,3465
408649025,-778305396,3466
408649042,-778305393,3466
408649063,-778305387,3466
408649087,-778305387,3466
408649112,-778305383,3466
408649140,-778305379,3466
408649165,-778305347,3464
408649203,-778305339,3463
408649239,-778305341,3464
408649273,-778305337,3464
408649311,-778305334,3464
408649353,-778305336,3465
408649392,-778305331,3465
408649432,-778305330,3465
408649477,-778305329,3465
408649517,-778305326,3465
408649527,-778305289,3461
408649574,-778305285,3461
408649624,-778305287,3461
408649670,-778305284,3461
408649717,-778305285,3461
408649767,-778305284,3461
408649821,-778305284,3461
408649874,-778305286,3461
408649930,-778305284,3461
408649989,-778305285,3461
408650028,-778305263,3461
408650092,-778305265,3461
408650152,-778305267,3461
408650220,-778305269,3461
408650286,-778305273,3461
408650356,-778305275,3461
408650423,-778305274,3460
408650492,-778305277,3460
408650565,-778305281,3460
408650636,-778305285,3460
408650699,-778305268,3460
408650776,-778305273,3461
408650851,-778305278,3460
408650926,-778305286,3461
408651002,-778305291,3461
408651079,-778305301,3461
408651155,-778305310,3461
408651232,-778305321,3461
408651311,-778305334,3461
408651391,-778305343,3461
408651462,-778305354,3460
408651547,-778305369,3461
408651627,-778305385,3461
408651709,-778305403,3461
408651791,-778305419,3461
408651872,-778305440,3461
408651956,-778305459,3461
408652037,-778305481,3461
408652121,-778305505,3461
408652202,-778305528,3461
408652283,-778305538,3460
408652368,-778305568,3460
408652450,-778305596,3460
408652532,-778305626,3460
408652621,-778305655,3460
408652705,-778305686,3460
408652787,-778305720,3460
408652873,-778305754,3461
408652959,-778305788,3461
408653044,-778305825,3461
408653132,-778305850,3460
408653219,-778305894,3460
408653301,-778305931,3460
408653387,-778305974,3460
408653471,-778306018,3461
408653557,-778306064,3461
408653641,-778306107,3461
408653726,-778306154,3461
408653808,-778306203,3461
408653893,-778306254,3461
408653972,-778306296,3460
408654055,-778306352,3460
408654136,-778306406,3460
408654219,-778306460,3460
408654299,-778306516,3460
408654381,-778306574,3460
408654462,-778306632,3461
408654541,-778306690,3461
408654621,-778306753,3461
408654699,-778306812,3461
408654782,-778306864,3461
408654858,-778306931,3461
408654935,-778306997,3461
408655012,-778307062,3461
408655090,-778307129,3461
408655165,-778307196,3461
408655241,-778307267,3461
408655313,-778307337,3461
408655388,-778307410,3461
408655461,-778307481,3461
408655538,-778307541,3460
408655607,-778307617,3460
408655680,-778307693,3460
408655749,-778307767,3460
408655821,-778307847,3460
408655821,-778307847,3460
408655889,-778307926,3460
408655959,-778308005,3460
408656027,-778308084,3460
408656095,-778308166,3461
408656162,-778308246,3461
408656228,-778308316,3460
408656290,-778308402,3460
408656355,-778308488,3460
408656418,-778308571,3460
408656483,-778308659,3460
408656545,-778308747,3460
408656607,-778308836,3460
408656669,-778308925,3461
408656729,-778309016,3461
408656788,-778309107,3461
408656849,-778309182,3460
408656903,-778309277,3461
408656961,-778309371,3460
408657016,-778309468,3461
408657072,-778309562,3461
408657179,-778309755,3461
408657233,-778309853,3461
408657286,-778309950,3461
408657337,-778310051,3461
408657393,-778310133,3459
408657440,-778310236,3459
408657489,-778310337,3460
408657489,-778310337,3460
408657584,-778310542,3460
408657629,-778310645,3460
408657629,-778310645,3460
408657720,-778310852,3460
408657763,-778310960,3460
408657763,-778310960,3460
408657804,-778311062,3460
408657853,-778311160,3460
408657892,-778311269,3460
408657932,-778311377,3460
408657974,-778311485,3460
408658013,-778311591,3460
408658052,-778311700,3460
408658090,-778311807,3460
408658127,-778311918,3460
408658164,-778312026,3460
408658199,-778312136,3461
408658241,-778312248,3460
408658272,-778312360,3460
408658306,-778312468,3460
408658337,-778312581,3460
408658369,-778312691,3460
408658398,-778312805,3460
408658427,-778312917,3461
408658456,-778313030,3461
408658484,-778313144,3461
408658511,-778313257,3461
408658542,-778313369,3461
408658565,-778313483,3461
408658592,-778313598,3461
408658614,-778313711,3461
408658638,-778313827,3461
408658660,-778313939,3461
408658682,-778314057,3461
408658719,-778314287,3462
408658739,-778314403,3462
408658754,-778314520,3461
408658768,-778314637,3461
408658785,-778314755,3461
408658798,-778314871,3461
408658815,-778314988,3461
408658826,-778315104,3461
408658838,-778315220,3461
408658849,-778315338,3462
408658859,-778315455,3462
408658867,-778315571,3462
408658878,-778315687,3461
408658885,-778315807,3462
408658890,-778315921,3462
408658895,-778316040,3462
408658898,-778316155,3462
408658901,-778316275,3462
408658902,-778316391,3462
408658902,-778316510,3463
408658901,-778316623,3462
408658900,-778316744,3463
408658897,-778316853,3462
408658890,-778316971,3462
408658886,-778317087,3462
408658880,-778317205,3462
408658873,-778317319,3462
408658865,-778317437,3462
408658857,-778317552,3462
408658847,-778317671,3462
408658834,-778317788,3462
408658824,-778317909,3463
408658816,-778318031,3461
408658798,-778318152,3461
408658784,-778318275,3461
408658768,-778318401,3461
408658753,-778318528,3461
408658735,-778318652,3462
408658716,-778318781,3462
408658699,-778318911,3462
408658679,-778319040,3462
408658660,-778319171,3462
408658642,-778319289,3461
408658616,-778319421,3461
408658596,-778319555,3462
408658574,-778319686,3462
408658550,-778319822,3462
408658527,-778319956,3462
408658502,-778320089,3462
408658478,-778320224,3462
408658451,-778320360,3463
408658427,-778320493,3463
408658405,-778320625,3463
408658405,-778320625,3463
408658378,-778320761,3463
408658351,-778320897,3463
408658299,-778321168,3463
408658273,-778321301,3463
408658246,-778321437,3463
408658220,-778321573,3464
408658192,-778321711,3464
408658166,-778321845,3464
408658103,-778322111,3464
408658076,-778322248,3464
408658049,-778322384,3464
408657992,-778322655,3464
408657963,-778322793,3464
408657934,-778322928,3464
408657849,-778323341,3465
408657761,-778323751,3465
408657669,-778324163,3465
408657114,-778326774,3466
408656853,-778328033,3465
408656794,-778328318,3465
408656369,-778330339,3465
408656243,-778330933,3464
408655485,-778334453,3462
408654961,-778336810,3461
408654927,-778336970,3460
408654856,-778337286,3460
408654681,-778338081,3460
408654576,-778338559,3460
408654505,-778338882,3460
408654288,-778339841,3458
408653862,-778341781,3456
408653194,-778344867,3455
408652980,-778345849,3454
408652474,-778348130,3452
408621228,-778359252,3351
408621211,-778359126,3351
408621194,-778359001,3351
408621180,-778358879,3351
408621154,-778358621,3350
408621139,-778358492,3350
408621126,-778358364,3350
408621114,-778358237,3350
408621102,-778358108,3350
408621089,-778357978,3350
408621065,-778357718,3350
408621055,-778357593,3349
408621046,-778357458,3349
408621036,-778357330,3350
408621027,-778357198,3349
408621019,-778357069,3349
408621010,-778356936,3349
408620949,-778355218,3349
408620951,-778354949,3350
408620950,-778354815,3350
408620951,-778354680,3350
408620952,-778354544,3349
408620953,-778354410,3350
408620956,-778354275,3349
408620958,-778354141,3350
408620959,-778354002,3350
408620961,-778353869,3350
408620967,-778353731,3350
408620974,-778353590,3350
408620980,-778353453,3350
408621018,-778352618,3351
408621028,-778352479,3351
408621279,-778350506,3352
408621303,-778350366,3352
408621449,-778349659,3352
408622731,-778345739,3352
408622792,-778345604,3352
408622854,-778345465,3352
408622913,-778345328,3352
408622976,-778345196,3352
408623043,-778345060,3351
408623108,-778344923,3352
408623173,-778344795,3352
408623243,-778344658,3352
408623306,-778344524,3352
408623375,-778344386,3352
408623444,-778344254,3352
408623514,-778344119,3353
408623584,-778343987,3353
408623656,-778343854,3353
408623727,-778343720,3353
408623800,-778343584,3353
408623874,-778343451,3354
408623949,-778343317,3354
408624022,-778343183,3354
408624096,-778343045,3354
408624172,-778342913,3355
408624249,-778342780,3355
408624323,-778342642,3355
408624393,-778342504,3354
408624475,-778342371,3354
408624551,-778342237,3354
408624631,-778342102,3354
408624709,-778341964,3354
408624789,-778341829,3355
408624869,-778341690,3354
408624951,-778341552,3355
408625029,-778341417,3355
408625112,-778341278,3355
408625189,-778341146,3355
408625271,-778341008,3355
408625353,-778340870,3356
408625434,-778340728,3355
408625514,-778340590,3356
408625598,-778340449,3355
408625679,-778340307,3355
408625760,-778340167,3356
408625842,-778340024,3355
408625923,-778339881,3356
408626003,-778339746,3355
408626087,-778339601,3355
408626171,-778339458,3356
408626252,-778339317,3356
408626335,-778339170,3356
408626416,-778339027,3356
408626501,-778338879,3355
408626582,-778338732,3356
408626666,-778338587,3356
408626751,-778338442,3356
408626830,-778338300,3356
408626916,-778338153,3356
408627001,-778338007,3356
408627084,-778337859,3356
408627168,-778337710,3356
408627254,-778337563,3356
408627340,-778337415,3356
408627426,-778337268,3356
408627509,-778337119,3356
408627596,-778336966,3356
408627681,-778336823,3357
408627769,-778336670,3357
408627855,-778336518,3357
408627940,-778336368,3357
408628029,-778336215,3357
408628115,-778336064,3357
408628202,-778335912,3357
408628288,-778335761,3357
408628373,-778335606,3357
408628461,-778335453,3357
408628551,-778335307,3357
408628638,-778335152,3357
408628727,-778334996,3357
408628815,-778334843,3357
408628906,-778334689,3357
408628994,-778334533,3357
408629084,-778334380,3358
408629173,-778334224,3358
408629262,-778334068,3357
408629351,-778333913,3357
408629437,-778333766,3357
408629529,-778333609,3357
408629617,-778333453,3356
408629708,-778333297,3357
408629796,-778333141,3356
408629889,-778332984,3357
408629982,-778332828,3357
408630071,-778332672,3357
408630162,-778332518,3357
408630254,-778332361,3357
408630346,-778332204,3357
408630438,-778332045,3357
408630530,-778331888,3357
408630619,-778331732,3357
408630715,-778331577,3357
408630806,-778331423,3357
408630899,-778331265,3358
408630993,-778331108,3358
408631086,-778330950,3358
408631179,-778330791,3358
408631267,-778330637,3357
408631362,-778330479,3358
408631455,-778330320,3358
408631549,-778330163,3358
408631643,-778330008,3358
408631735,-778329847,3358
408631829,-778329691,3358
408631924,-778329529,3358
408632018,-778329372,3358
408632112,-778329211,3358
408632199,-778329052,3358
408632297,-778328890,3357
408632388,-778328729,3357
408632482,-778328571,3357
408632576,-778328409,3358
408632669,-778328243,3358
408632764,-778328085,3358
408632859,-778327929,3358
408632954,-778327762,3357
408633044,-778327605,3358
408633136,-778327442,3358
408633231,-778327276,3358
408633328,-778327115,3358
408633419,-778326958,3358
408633515,-778326797,3358
408633608,-778326634,3359
408633704,-778326471,3358
408633798,-778326309,3359
408633890,-778326148,3358
408633983,-778325988,3358
408634074,-778325831,3359
408634168,-778325671,3358
408634264,-778325510,3359
408634355,-778325350,3359
408634449,-778325189,3359
408634546,-778325032,3359
408634639,-778324872,3359
408634731,-778324715,3359
408634824,-778324559,3359
408634917,-778324396,3359
408635005,-778324244,3359
408635095,-778324087,3359
408635187,-778323934,3359
408635279,-778323775,3359
408635373,-778323619,3359
408635463,-778323461,3359
408635554,-778323303,3359
408635645,-778323148,3359
408635736,-778322991,3359
408635829,-778322832,3359
408635918,-778322681,3359
408636007,-778322525,3358
408636100,-778322363,3358
408636193,-778322209,3358
408636285,-778322052,3359
408636378,-778321893,3358
408636471,-778321737,3359
408636563,-778321582,3358
408636655,-778321424,3359
408636747,-778321266,3359
408636837,-778321109,3359
408636930,-778320951,3359
408637022,-778320793,3359
408637113,-778320634,3359
408637204,-778320477,3359
408637297,-778320322,3359
408637390,-778320163,3359
408637481,-778320008,3359
408637573,-778319849,3358
408637666,-778319695,3359
408637753,-778319537,3359
408637844,-778319379,3359
408637936,-778319224,3359
408638025,-778319071,3359
408638117,-778318915,3359
408638117,-778318915,3359
408638205,-778318759,3359
408638295,-778318602,3359
408638471,-778318294,3360
408638562,-778318137,3359
408638649,-778317986,3359
408638736,-778317836,3360
408638826,-778317681,3360
408638914,-778317529,3359
408638914,-778317529,3359
408639089,-778317221,3360
408639089,-778317221,3360
408639182,-778317070,3360
408639269,-778316917,3360
408639359,-778316766,3360
408639448,-778316613,3360
408639531,-778316462,3360
408639620,-778316311,3360
408639707,-778316160,3360
408639795,-778316009,3360
408639883,-778315859,3360
408639969,-778315707,3360
408640055,-778315557,3360
408640143,-778315408,3360
408640229,-778315260,3360
408640313,-778315113,3361
408640400,-778314964,3360
408640486,-778314818,3360
408640573,-778314672,3360
408640656,-778314527,3361
408640743,-778314381,3360
408640826,-778314234,3360
408640911,-778314092,3360
408640993,-778313947,3360
408641078,-778313804,3360
408641160,-778313665,3360
408641243,-778313521,3360
408641324,-778313380,3360
408641405,-778313241,3360
408641486,-778313104,3360
408641567,-778312967,3360
408641648,-778312829,3360
408641727,-778312696,3360
408641805,-778312563,3360
408641885,-778312431,3360
408641963,-778312300,3360
408642043,-778312171,3360
408642120,-778312043,3360
408642197,-778311916,3360
408642275,-778311792,3360
408642352,-778311666,3360
408642429,-778311542,3360
408642509,-778311418,3359
408642586,-778311296,3360
408642666,-778311175,3359
408642744,-778311053,3360
408642821,-778310928,3359
408642902,-778310812,3359
408642982,-778310694,3359
408643063,-778310573,3359
408643143,-778310459,3359
408643223,-778310340,3359
408643302,-778310226,3359
408643387,-778310107,3359
408643469,-778309992,3359
408643552,-778309883,3359
408643632,-778309769,3358
408643719,-778309660,3358
408643802,-778309549,3358
408643889,-778309439,3358
408643972,-778309332,3358
408644059,-778309227,3358
408644143,-778309124,3358
408644231,-778309020,3358
408644318,-778308919,3358
408644406,-778308818,3358
408644489,-778308721,3358
408644580,-778308626,3358
408644668,-778308530,3358
408644759,-778308435,3357
408644846,-778308342,3357
408644936,-778308248,3358
408645027,-778308159,3357
408645120,-778308071,3357
408645208,-778307983,3357
408645300,-778307896,3357
408645387,-778307812,3357
408645482,-778307731,3357
408645572,-778307651,3357
408645664,-778307570,3357
408645756,-778307492,3357
408645849,-778307415,3357
408645942,-778307339,3356
408646035,-778307264,3357
408646126,-778307194,3357
408646219,-778307124,3357
408646311,-778307050,3357
408646405,-778306987,3357
408646500,-778306916,3357
408646596,-778306855,3357
408646687,-778306791,3357
408646780,-778306729,3357
408646878,-778306667,3357
408646974,-778306610,3357
408647068,-778306549,3357
408647160,-778306494,3358
408647253,-778306432,3357
408647351,-778306383,3357
408647446,-778306332,3357
408647543,-778306282,3357
408647641,-778306231,3357
408647736,-778306188,3357
408647835,-778306145,3358
408647930,-778306101,3358
408648028,-778306063,3358
408648127,-778306023,3358
408648220,-778305980,3358
408648319,-778305945,3357
408648419,-778305914,3357
408648519,-778305884,3357
408648617,-778305856,3358
408648720,-778305833,3358
408648820,-778305806,3358
408648923,-778305778,3358
408649024,-778305759,3359
408649127,-778305742,3359
408649224,-778305712,3358
408649329,-778305698,3359
408649430,-778305684,3358
408649532,-778305670,3358
408649638,-778305657,3359
408649741,-778305648,3359
408649844,-778305642,3359
408649948,-778305633,3359
408650052,-778305628,3359
408650157,-778305624,3359
408650264,-778305618,3360
408650369,-778305623,3360
408650472,-778305624,3360
408650574,-778305629,3360
408650680,-778305633,3360
408650785,-778305639,3360
408650888,-778305648,3361
408650995,-778305660,3361
408650995,-778305660,3361
408651096,-778305671,3361
408651303,-778305692,3361
408651303,-778305692,3361
408651511,-778305739,3361
408651619,-778305760,3361
408651619,-778305760,3361
408651720,-778305782,3361
408651824,-778305809,3361
408652032,-778305864,3361
408652137,-778305894,3362
408652237,-778305926,3361
408652341,-778305952,3362
408652445,-778305994,3362
408652546,-778306032,3362
408652651,-778306073,3362
408652753,-778306117,3362
408652854,-778306162,3362
408652955,-778306210,3362
408653058,-778306257,3363
408653161,-778306309,3363
408653261,-778306360,3363
408653363,-778306406,3363
408653460,-778306467,3363
408653564,-778306527,3363
408653663,-778306587,3363
408653763,-778306646,3363
408653865,-778306711,3364
408653966,-778306777,3364
408654064,-778306846,3364
408654163,-778306918,3364
408654264,-778306990,3364
408654362,-778307055,3365
408654458,-778307138,3365
408654556,-778307219,3365
408654655,-778307299,3365
408654752,-778307379,3365
408654847,-778307463,3365
408654847,-778307463,3365
408654944,-778307548,3366
408655040,-778307638,3366
408655133,-778307728,3366
408655317,-778307904,3366
408655317,-778307904,3366
408655500,-778308104,3365
408655500,-778308104,3365
408655589,-778308201,3366
408655677,-778308300,3366
408655761,-778308401,3366
408655849,-778308507,3366
408655934,-778308616,3366
408656019,-778308720,3367
408656104,-778308826,3367
408656183,-778308925,3366
408656261,-778309043,3366
408656341,-778309157,3366
408656420,-778309270,3366
408656495,-778309388,3367
408656571,-778309503,3367
408656643,-778309621,3367
408656714,-778309738,3367
408656786,-778309857,3367
408656856,-778309981,3367
408656930,-778310097,3367
408656994,-778310227,3367
408657053,-778310349,3367
408657118,-778310477,3368
408657182,-778310605,3368
408657243,-778310740,3368
408657298,-778310870,3368
408657357,-778310998,3368
408657412,-778311129,3368
408657468,-778311264,3368
408657531,-778311393,3368
408657577,-778311533,3368
408657629,-778311668,3368
408657678,-778311805,3368
408657725,-778311944,3368
408657770,-778312084,3369
408657815,-778312223,3369
408657856,-778312361,3369
408657897,-778312506,3369
408657935,-778312647,3369
408657982,-778312786,3369
408658015,-778312932,3370
408658049,-778313074,3370
408658083,-778313221,3370
408658116,-778313367,3370
408658147,-778313515,3370
408658175,-778313661,3370
408658202,-778313809,3370
408658227,-778313957,3371
408658252,-778314107,3371
408658284,-778314254,3370
408658300,-778314409,3371
408658321,-778314561,3371
408658340,-778314711,3371
408658357,-778314863,3371
408658371,-778315012,3371
408658384,-778315166,3371
408658398,-778315318,3372
408658408,-778315475,3372
408658418,-778315631,3372
408658434,-778315783,3372
408658434,-778315939,3373
408658440,-778316096,3373
408658441,-778316252,3373
408658442,-778316410,3373
408658441,-778316566,3373
408658442,-778316725,3374
408658438,-778316882,3373
408658434,-778317042,3374
408658426,-778317202,3374
408658426,-778317356,3373
408658414,-778317518,3374
408658402,-778317675,3374
408658389,-778317834,3374
408658377,-778317994,3374
408658362,-778318150,3374
408658348,-778318313,3374
408658332,-778318470,3374
408658312,-778318629,3375
408658295,-778318787,3375
408658284,-778318944,3375
408658257,-778319103,3375
408658234,-778319263,3376
408658213,-778319423,3376
408658189,-778319580,3376
408658164,-778319738,3377
408658138,-778319895,3377
408658112,-778320053,3377
408658083,-778320209,3377
408658058,-778320369,3378
408658000,-778320680,3378
408657970,-778320834,3378
408657937,-778320994,3378
408657905,-778321150,3378
408657872,-778321305,3378
408657841,-778321461,3379
408657773,-778321770,3379
408657739,-778321925,3379
408657578,-778322690,3380
408657512,-778322993,3380
408657382,-778323589,3381
408657351,-778323736,3381
408657070,-778325021,3382
408657039,-778325158,3382
408657010,-778325294,3382
408656981,-778325427,3382
408656953,-778325560,3383
408656816,-778326197,3383
408653203,-778329181,3383
408653021,-778329245,3383
408652976,-778329265,3383
408652930,-778329284,3383
408652886,-778329308,3383
408652843,-778329336,3383
408652806,-778329356,3383
408652720,-778329423,3383
408652681,-778329459,3383
408652601,-778329533,3383
408652562,-778329575,3383
408652525,-778329618,3383
408652486,-778329662,3383
408652450,-778329707,3383
408652421,-778329744,3383
408652389,-778329800,3383
408652107,-778330415,3383
408652072,-778330540,3383
408652046,-778330666,3383
408652020,-778330861,3383
408652008,-778330918,3383
408652009,-778330985,3383
408652006,-778331051,3383
408652002,-778331243,3383
408652014,-778331500,3382
408652014,-778331500,3382
408652012,-778331555,3382
408652024,-778331620,3382
408652031,-778331685,3382
408652038,-778331753,3382
408652054,-778331890,3382
408652054,-778331890,3382
408652065,-778331961,3382
408652084,-778332109,3381
408652106,-778332254,3381
408652120,-778332331,3381
408652133,-778332412,3381
408652147,-778332490,3382
408652163,-778332572,3381
408652178,-778332651,3380
408652193,-778332738,3380
408652242,-778332994,3381
408652288,-778333256,3380
408652304,-778333342,3380
408652321,-778333433,3380
408652337,-778333525,3380
408652349,-778333617,3380
408652357,-778333709,3379
408652374,-778333893,3379
408652397,-778334259,3378
408652400,-778334443,3378
408652396,-778334725,3378
408652391,-778334824,3377
408652392,-778334912,3377
408652384,-778335011,3377
408652379,-778335109,3377
408652371,-778335203,3377
408652360,-778335295,3377
408652335,-778335483,3377
408652289,-778335870,3377
408652236,-778336167,3377
408652178,-778336470,3376
408652159,-778336572,3376
408652118,-778336783,3376
408652103,-778336884,3376
408652077,-778336990,3377
408651939,-778337655,3376
408621923,-778356598,3324
408624377,-778350946,3331
408624721,-778350872,3331
408624133,-778351341,3327
408624302,-778351314,3327
408624590,-778351344,3328
408624645,-778351355,3328
408624701,-778351371,3328
408624757,-778351382,3327
408624817,-778351397,3328
408624871,-778351403,3327
408630763,-778340024,3339
408630744,-778339917,3339
408630726,-778339809,3339
408630714,-778339708,3339
408630699,-778339599,3339
408630690,-778339494,3339
408630679,-778339392,3339
408630668,-778339286,3339
408630662,-778339185,3339
408630658,-778339083,3339
408630658,-778338982,3339
408630662,-778338883,3339
408630656,-778338782,3339
408630667,-778338680,3339
408630665,-778338578,3339
408630678,-778338480,3339
408630693,-778338382,3339
408630710,-778338287,3339
408630723,-778338194,3339
408630739,-778338102,3339
408630757,-778338006,3339
408630781,-778337916,3339
408630796,-778337826,3339
408630829,-778337737,3339
408630853,-778337647,3339
408630880,-778337560,3339
408630912,-778337475,3339
408630943,-778337392,3340
408630977,-778337307,3339
408631015,-778337226,3339
408631051,-778337145,3339
408631090,-778337067,3339
408631345,-778336622,3339
408631479,-778336400,3339
408631566,-778336254,3338
408631673,-778336114,3338
408631723,-778336039,3338
408631936,-778335743,3339
408631989,-778335667,3339
408632046,-778335591,3339
408632094,-778335511,3339
408632207,-778335352,3339
408632262,-778335269,3339
408632373,-778335102,3339
408632373,-778335102,3339
408632487,-778334929,3340
408632487,-778334929,3340
408632545,-778334837,3339
408632603,-778334748,3339
408632656,-778334663,3340
408632716,-778334564,3340
408632774,-778334470,3340
408632834,-778334374,3339
408632892,-778334277,3340
408632950,-778334181,3340
408633010,-778334080,3339
408633069,-778333977,3340
408633130,-778333874,3340
408633190,-778333771,3340
408633247,-778333672,3340
408633310,-778333561,3340
408633370,-778333456,3340
408633433,-778333349,3340
408633495,-778333237,3340
408633555,-778333129,3341
408633620,-778333019,3341
408633682,-778332910,3341
408633745,-778332795,3341
408633811,-778332682,3341
408633874,-778332578,3341
408633940,-778332461,3341
408634005,-778332347,3341
408634072,-778332231,3341
408634133,-778332116,3341
408634203,-778332001,3341
408634270,-778331885,3342
408634336,-778331765,3341
408634405,-778331650,3341
408634474,-778331529,3341
408634542,-778331418,3341
408634613,-778331299,3342
408634683,-778331179,3342
408634752,-778331062,3342
408634824,-778330938,3342
408634894,-778330817,3342
408634966,-778330696,3342
408635036,-778330576,3342
408635109,-778330453,3342
408635182,-778330331,3342
408635253,-778330218,3342
408635326,-778330093,3342
408635400,-778329969,3342
408635473,-778329847,3341
408635546,-778329724,3342
408635619,-778329602,3342
408635694,-778329478,3342
408635767,-778329357,3342
408635843,-778329234,3343
408635916,-778329108,3342
408635990,-778328986,3343
408636066,-778328863,3343
408636140,-778328736,3343
408636215,-778328610,3343
408636290,-778328487,3343
408636366,-778328361,3342
408636437,-778328234,3342
408636514,-778328108,3343
408636587,-778327983,3342
408636662,-778327854,3342
408636735,-778327728,3342
408636811,-778327599,3342
408636886,-778327471,3343
408636960,-778327344,3343
408637034,-778327216,3343
408637107,-778327087,3343
408637183,-778326957,3343
408637331,-778326706,3343
408637402,-778326577,3344
408637479,-778326453,3343
408637554,-778326325,3344
408637627,-778326196,3344
408637702,-778326070,3344
408637776,-778325942,3344
408637852,-778325812,3344
408637925,-778325687,3344
408637999,-778325557,3344
408637999,-778325557,3344
408638072,-778325433,3344
408638145,-778325306,3344
408638217,-778325184,3345
408638290,-778325056,3345
408638365,-778324930,3345
408638512,-778324677,3345
408638584,-778324554,3345
408638656,-778324429,3345
408638733,-778324308,3345
408638803,-778324186,3345
408638874,-778324060,3345
408638950,-778323939,3345
408639023,-778323819,3345
408639093,-778323694,3345
408639164,-778323575,3346
408639238,-778323455,3346
408639310,-778323335,3346
408639380,-778323210,3346
408639451,-778323092,3346
408639522,-778322972,3346
408639592,-778322854,3346
408639664,-778322732,3346
408639734,-778322614,3346
408639803,-778322493,3346
408639875,-778322376,3346
408639945,-778322258,3346
408640015,-778322138,3346
408640083,-778322020,3346
408640153,-778321901,3346
408640222,-778321785,3346
408640293,-778321666,3346
408640358,-778321549,3346
408640427,-778321435,3346
408640494,-778321317,3346
408640563,-778321200,3346
408640632,-778321083,3346
408640700,-778320966,3346
408640700,-778320966,3346
408640768,-778320849,3346
408640836,-778320732,3346
408640903,-778320617,3346
408640971,-778320503,3346
408641036,-778320389,3346
408641101,-778320273,3347
408641168,-778320159,3347
408641234,-778320044,3347
408641300,-778319929,3347
408641364,-778319817,3347
408641429,-778319704,3347
408641495,-778319592,3347
408641559,-778319478,3347
408641623,-778319368,3347
408641688,-778319256,3347
408641750,-778319147,3347
408641813,-778319035,3347
408641874,-778318923,3347
408641937,-778318811,3347
408641998,-778318703,3347
408642059,-778318594,3347
408642120,-778318483,3347
408642180,-778318373,3347
408642239,-778318267,3347
408642304,-778318160,3347
408642363,-778318053,3348
408642422,-778317947,3347
408642481,-778317841,3347
408642539,-778317738,3347
408642600,-778317633,3347
408642659,-778317529,3347
408642716,-778317424,3347
408642779,-778317322,3347
408642834,-778317217,3347
408642893,-778317116,3348
408642949,-778317017,3348
408643004,-778316917,3348
408643059,-778316816,3348
408643117,-778316718,3348
408643173,-778316617,3348
408643225,-778316515,3348
408643279,-778316416,3348
408643338,-778316317,3348
408643390,-778316219,3348
408643443,-778316118,3348
408643495,-778316018,3348
408643550,-778315919,3348
408643600,-778315823,3348
408643651,-778315723,3348
408643701,-778315626,3348
408643752,-778315529,3347
408643803,-778315429,3347
408643850,-778315331,3347
408643898,-778315233,3347
408643949,-778315137,3347
408643994,-778315040,3347
408644041,-778314942,3346
408644085,-778314843,3347
408644130,-778314747,3347
408644171,-778314648,3346
408644213,-778314551,3346
408644255,-778314451,3346
408644295,-778314352,3346
408644333,-778314252,3346
408644377,-778314154,3346
408644412,-778314053,3346
408644449,-778313952,3346
408644484,-778313854,3346
408644521,-778313756,3346
408644557,-778313661,3346
408644585,-778313559,3346
408644616,-778313454,3346
408644646,-778313350,3345
408644679,-778313253,3345
408644715,-778313158,3346
408644740,-778313054,3345
408644766,-778312951,3346
408644795,-778312851,3345
408644823,-778312751,3346
408644850,-778312650,3345
408644877,-778312549,3345
408644904,-778312449,3345
408644930,-778312352,3345
408644951,-778312251,3345
408644978,-778312145,3345
408645002,-778312046,3345
408645026,-778311949,3345
408645051,-778311852,3345
408645073,-778311752,3345
408645095,-778311655,3345
408645113,-778311558,3345
408645137,-778311460,3345
408645158,-778311364,3345
408645177,-778311269,3345
408645202,-778311172,3344
408645221,-778311078,3345
408645241,-778310986,3345
408645263,-778310891,3344
408645282,-778310799,3345
408645297,-778310701,3344
408645314,-778310612,3345
408645335,-778310521,3345
408645354,-778310430,3345
408645369,-778310337,3345
408645387,-778310246,3345
408645403,-778310156,3345
408645423,-778310068,3345
408645438,-778309979,3344
408645457,-778309892,3344
408645474,-778309806,3344
408645489,-778309715,3344
408645506,-778309632,3344
408645524,-778309550,3344
408645539,-778309467,3344
408645559,-778309376,3344
408645575,-778309296,3344
408645591,-778309210,3343
408645610,-778309132,3344
408645627,-778309050,3344
408645642,-778308969,3344
408645656,-778308885,3344
408645671,-778308804,3343
408645687,-778308726,3343
408645706,-778308649,3343
408645725,-778308569,3343
408645742,-778308492,3343
408645755,-778308412,3343
408645766,-778308332,3343
408645782,-778308254,3343
408645800,-778308181,3343
408645821,-778308107,3344
408645838,-778308033,3344
408645855,-778307959,3344
408645870,-778307885,3344
408645887,-778307808,3343
408645907,-778307742,3344
408645930,-778307671,3344
408645957,-778307605,3344
408645981,-778307538,3344
408645999,-778307471,3344
408646016,-778307403,3344
408646039,-778307337,3345
408646062,-778307272,3345
408646091,-778307210,3345
408646120,-778307148,3345
408646150,-778307092,3345
408646177,-778307033,3345
408646203,-778306973,3346
408646228,-778306915,3346
408646255,-778306859,3347
408646281,-778306802,3346
408646310,-778306750,3347
408646341,-778306699,3347
408646372,-778306649,3347
408646405,-778306592,3347
408646438,-778306549,3347
408646472,-778306499,3347
408646502,-778306450,3347
408646540,-778306403,3348
408646574,-778306355,3348
408646609,-778306307,3348
408646649,-778306264,3349
408646688,-778306220,3349
408646727,-778306173,3348
408646766,-778306128,3349
408646810,-778306089,3349
408646851,-778306047,3349
408646894,-778306005,3349
408646938,-778305964,3350
408646982,-778305926,3350
408647028,-778305890,3350
408647075,-778305852,3350
408647122,-778305815,3350
408647168,-778305781,3351
408647212,-778305745,3351
408647261,-778305713,3351
408647309,-778305682,3351
408647360,-778305655,3351
408647410,-778305626,3351
408647457,-778305598,3352
408647511,-778305571,3352
408647560,-778305547,3351
408647609,-778305522,3352
408647657,-778305504,3352
408647705,-778305480,3352
408647755,-778305464,3352
408647804,-778305443,3352
408647849,-778305423,3352
408647899,-778305409,3352
408647945,-778305395,3352
408647989,-778305380,3352
408648033,-778305364,3352
408648076,-778305355,3353
408648119,-778305342,3352
408648158,-778305328,3352
408648196,-778305322,3353
408648231,-778305309,3352
408648263,-778305301,3353
408648298,-778305293,3353
408648330,-778305283,3352
408648360,-778305274,3352
408648387,-778305271,3352
408648411,-778305263,3352
408648434,-778305256,3352
408648462,-778305249,3352
408648479,-778305245,3352
408648498,-778305236,3352
408648519,-778305236,3352
408648534,-778305232,3353
408648552,-778305226,3353
408648566,-778305223,3353
408648580,-778305218,3353
408648592,-778305219,3353
408648602,-778305214,3353
408648620,-778305211,3353
408648622,-778305210,3353
408648632,-778305209,3353
408648639,-778305205,3353
408648645,-778305205,3353
408648648,-778305205,3353
408648650,-778305203,3353
408648650,-778305202,3353
408648649,-778305203,3353
408648649,-778305204,3353
408648652,-778305200,3353
408648647,-778305199,3353
408648648,-778305199,3353
408648649,-778305200,3353
408648649,-778305201,3353
408648649,-778305201,3353
408648649,-778305201,3353
408648649,-778305201,3353
408648647,-778305200,3353
408648649,-778305201,3353
408648650,-778305197,3353
408648649,-778305197,3353
408648649,-778305198,3353
408648651,-778305199,3353
408648650,-778305199,3353
408648652,-778305199,3353
408648650,-778305200,3353
408648651,-778305199,3353
408648652,-778305201,3353
408648650,-778305200,3353
408648650,-778305198,3353
408648650,-778305198,3353
408648647,-778305197,3353
408648649,-778305198,3353
408648649,-778305198,3353
408648647,-778305197,3353
408648649,-778305198,3353
408648647,-778305197,3353
408648646,-778305197,3353
408648646,-778305198,3353
408648649,-778305198,3353
408648649,-778305198,3353
408648649,-778305198,3353
408648649,-778305198,3353
408648649,-778305198,3353
408648649,-778305198,3353
408648649,-778305198,3353
408648649,-778305198,3353
408648649,-778305198,3353
408648649,-778305198,3353
408648648,-778305197,3353
408648648,-778305197,3353
408648648,-778305198,3353
408648648,-778305198,3353
408648648,-778305198,3353
408648648,-778305198,3353
408648648,-778305198,3353
408648648,-778305198,3353
408648648,-778305198,3353
408648648,-778305198,3353
408648648,-778305197,3353
408648648,-778305197,3353
408648647,-778305197,3353
408648647,-778305197,3353
408648647,-778305197,3353
408648647,-778305197,3353
408648647,-778305197,3353
408648647,-778305197,3353
408648647,-778305197,3353
408648647,-778305197,3353
408648647,-778305197,3353
408648647,-778305197,3353
408648647,-778305197,3353
408648647,-778305197,3353
408648647,-778305197,3353
408648647,-778305197,3353
408648647,-778305197,3353
408648647,-778305197,3353
408648647,-778305197,3353
408648647,-778305197,3353
408648647,-778305197,3353
408648647,-778305197,3353
408648647,-778305197,3353
408648647,-778305197,3353
408648647,-778305197,3353
408648647,-778305197,3353
408648647,-778305197,3353
408648647,-778305197,3353
408648647,-778305197,3353
408648647,-778305197,3353
408648647,-778305197,3353
408648647,-778305197,3353
408648647,-778305197,3353
408648647,-778305197,3353
408648647,-778305197,3353
408648647,-778305197,3353
408648647,-778305197,3353
408648647,-778305197,3353
408648647,-778305197,3353
408648647,-778305197,3353
408648647,-778305197,3353
408648647,-778305197,3353
408648647,-778305197,3353
408648647,-778305197,3353
408648647,-778305197,3353
408648647,-778305197,3353
408648647,-778305197,3353
408648647,-778305197,3353
408648647,-778305197,3353
408648647,-778305197,3353
408648647,-778305197,3353
408648647,-778305197,3353
408648647,-778305197,3353
408648647,-778305197,3353
408648647,-778305197,3353
408648647,-778305197,3353
408648647,-778305197,3353
408648647,-778305197,3353
408648647,-778305197,3353
408648647,-778305197,3353
408648647,-778305197,3353
408648647,-778305197,3353
408648647,-778305197,3353
408648647,-778305197,3353
408648647,-778305197,3353
408648647,-778305197,3353
408648647,-778305197,3353
408648647,-778305197,3353
408648647,-778305197,3353
408648647,-778305197,3353
408648647,-778305197,3353
408648647,-778305197,3353
408648647,-778305197,3353
408648647,-778305197,3353
408648647,-778305197,3353
408648647,-778305197,3353
408648647,-778305197,3353
408648647,-778305197,3353
408648647,-778305197,3353
408648647,-778305197,3353
408648647,-778305197,3353
408648647,-778305197,3353
408648647,-778305197,3353
408648647,-778305197,3353
408648647,-778305197,3353
408648647,-778305197,3353
408648647,-778305197,3353
408648647,-778305197,3353
408648647,-778305197,3353
408648647,-778305197,3353
